url,permalink,title,seller,seller_url,price_usd,is_free,discloses_sales,sales_count,ratings_count,ratings_avg,sales_per_rating,seller_products,seller_ratings_total,top_category
https://107sidehustles.gumroad.com/l/ruevr,ruevr,Beginners Guide to Becoming a Independent Work From Home Trucking Dispatcher ,107 Side Hustles,https://107sidehustles.gumroad.com,32.00,False,False,,72,4.6,,,,3d/3d-assets/3ds-max
https://22722studios.gumroad.com/l/yFocf,yFocf,Rig-GNS (Pro) 4.4.1,Shamsu Ddin,https://22722studios.gumroad.com,80.00,False,True,1159,68,4.5,17.04,4,13,3d/3d-assets/blender
https://3dartmodeling.gumroad.com/l/qdzxl,qdzxl,New Blender MatCaps - Reflective surface ,Pavel Serak,https://3dartmodeling.gumroad.com,3.00,False,True,10,0,0.0,,,,3d/3d-assets/accessories/wings
https://3dartmodeling.gumroad.com/l/yewdv,yewdv,New Blender MatCaps - Matte surface,Pavel Serak,https://3dartmodeling.gumroad.com,3.00,False,True,2,0,0.0,,,,3d/3d-assets/accessories/wings
https://3dfluff.gumroad.com/l/3dfluff-everything-2018-06-06,ahrUM,3D Fluff - Cinema 4D - Everything Bundle (June 2018),3D Fluff,https://3dfluff.gumroad.com,599.00,False,False,,3,5.0,,,,3d/3d-assets/cinema-4d
https://3drnb.gumroad.com/l/tuqpoj,tuqpoj,[NEW CORONA] High Quality Rug Collection | Corona for Cinema 4D  ,3D Render and Beyond,https://3drnb.gumroad.com,79.90,False,True,50,6,5.0,8.33,10,50,3d/3d-assets/cinema-4d
https://3drnb.gumroad.com/l/yyWZxa,yyWZxa,Modern Pool Villa V-ray 5 Cinema 4D,3D Render and Beyond,https://3drnb.gumroad.com,139.00,False,False,,5,5.0,,10,51,3d/3d-assets/cinema-4d
https://3rr0r418.gumroad.com/l/BigFinTail,tnniz,[VRC Asset] 🐟 Big Fin Tail 🐟 [Read Desc.],3Rr0r_418 has moved,https://3rr0r418.gumroad.com,999.00,False,True,7,0,0.0,,4,18,3d/3d-assets/avatar-components/tails
https://abyssalfenge.gumroad.com/l/ehsqk,ehsqk,Skulldog and Puro Masks for Taidums,AbyssalFenge,https://abyssalfenge.gumroad.com,10.00,False,False,,1,5.0,,11,59,3d/3d-assets/accessories/masks
https://abyssalfenge.gumroad.com/l/velglj,velglj,2024 Taidum Glasses,AbyssalFenge,https://abyssalfenge.gumroad.com,0.00,True,True,23,2,5.0,11.50,11,58,3d/3d-assets/accessories/masks
https://abyssalfenge.gumroad.com/l/xminj,xminj,Taidum Gloves (3.0 Taidum) [VRCFury Prefab],AbyssalFenge,https://abyssalfenge.gumroad.com,0.00,True,True,176,4,5.0,44.00,11,56,3d/3d-assets/accessories/gloves
https://abysswyvern.gumroad.com/l/latexchicken,magjmi,Spiri'vali Latex Suit,Abyss Wyvern,https://abysswyvern.gumroad.com,10.00,False,False,,0,0.0,,,,3d/3d-assets/clothing/bodysuits
https://abysswyvern.gumroad.com/l/nardosuit,weuuf,Nardoragon Latex Suit,Abyss Wyvern,https://abysswyvern.gumroad.com,10.00,False,False,,0,0.0,,,,3d/3d-assets/clothing/bodysuits
https://abysswyvern.gumroad.com/l/novasuit,amkkdi,Novabeast Latex Suit,Abyss Wyvern,https://abysswyvern.gumroad.com,10.00,False,False,,1,5.0,,,,3d/3d-assets/clothing/bodysuits
https://ace5.gumroad.com/l/klylt,klylt,5M adults - Bundle,Ace5 Studios,https://ace5.gumroad.com,379.00,False,False,,0,0.0,,28,242,3d/3d-assets/cinema-4d
https://adamantunicorn.gumroad.com/l/AstraBulldog,ekdnh,Astrawolf Bulldog Harness (VRCFury Compatible),Adamant Assets,https://adamantunicorn.gumroad.com,12.00,False,False,,0,0.0,,42,272,3d/3d-assets/accessories/harnesses
https://adamantunicorn.gumroad.com/l/AstraRope,pynpz,Astrawolf Rope Harness (VRCFury Compatible),Adamant Assets,https://adamantunicorn.gumroad.com,12.00,False,False,,0,0.0,,42,272,3d/3d-assets/accessories/harnesses
https://adamantunicorn.gumroad.com/l/HarnessBundle,uljlh,Vulper Harness Bundle - Bulldog harness + Muzzle,Adamant Assets,https://adamantunicorn.gumroad.com,15.00,False,False,,0,0.0,,42,272,3d/3d-assets/accessories
https://adamantunicorn.gumroad.com/l/Nharness,ataamk,Novabeast Pentagram Harness,Adamant Assets,https://adamantunicorn.gumroad.com,15.00,False,False,,17,4.9,,41,255,3d/3d-assets/accessories
https://adamantunicorn.gumroad.com/l/Vbulldog,jqtxvx,Vulper and Meowper Bulldog Harness (VRCFury Compatible),Adamant Assets,https://adamantunicorn.gumroad.com,10.00,False,False,,12,5.0,,41,260,3d/3d-assets/accessories
https://adamantunicorn.gumroad.com/l/VulperMuzzle,fruuq,Vulper Strap Muzzle (VRCFury Compatible) ,Adamant Assets,https://adamantunicorn.gumroad.com,8.00,False,False,,8,5.0,,41,264,3d/3d-assets/accessories/harnesses
https://adamantunicorn.gumroad.com/l/VulperSocks,lgftps,"Vulper and Meowper Thigh highs, Arm warmers, Fishnets, and Latex (VRCFury Compatible) ",Adamant Assets,https://adamantunicorn.gumroad.com,8.00,False,False,,13,5.0,,41,259,3d/3d-assets/clothing
https://adamantunicorn.gumroad.com/l/goteharness,goqjcm,Leafygote Pentagram Harness,Adamant Assets,https://adamantunicorn.gumroad.com,15.00,False,False,,4,5.0,,41,268,3d/3d-assets/accessories/harnesses
https://adamantunicorn.gumroad.com/l/visualizer,pcwqtg,Audiolink visualizer for VRChat,Adamant Assets,https://adamantunicorn.gumroad.com,10.00,False,False,,29,4.9,,41,243,3d/3d-assets/accessories
https://afyafarm.gumroad.com/l/fxoabu,fxoabu,"Small plot, BIG POT: Mastering container & Raised bed gardening!",Afya Farms,https://afyafarm.gumroad.com,29.99,False,False,,21,4.9,,,,3d
https://ahmadmerheb.gumroad.com/l/qwyxin,qwyxin,Ultimate Nose Model Pack #1,Ahmad Merheb,https://ahmadmerheb.gumroad.com,5.00,False,False,,0,0.0,,,,3d/3d-assets/avatar-components/heads
https://ahmadmerheb.gumroad.com/l/zxssqo,zxssqo,Ultimate Ears Model Pack #1,Ahmad Merheb,https://ahmadmerheb.gumroad.com,5.00,False,False,,0,0.0,,,,3d/3d-assets/avatar-components/ears
https://ahshotti.gumroad.com/l/crystal-fit,sxsnpf,Crystal Fit (Novabeast),Ahshotti,https://ahshotti.gumroad.com,6.00,False,False,,57,4.9,,21,150,3d/3d-assets/clothing
https://ahshotti.gumroad.com/l/longlocs,remod,Long Locs COMMERICAL LICENSE,Ahshotti,https://ahshotti.gumroad.com,10.00,False,True,131,3,5.0,43.67,21,204,3d/3d-assets/avatar-components/hair
https://ahshotti.gumroad.com/l/messylocs,hdpqen,Messy Locs COMMERICAL LICENSE,Ahshotti,https://ahshotti.gumroad.com,10.00,False,False,,3,5.0,,21,204,3d/3d-assets/avatar-components/hair
https://ahshotti.gumroad.com/l/spicyafro,flxib,Spicy Afro COMMERICAL LICENSE,Ahshotti,https://ahshotti.gumroad.com,10.00,False,False,,3,5.0,,21,204,3d/3d-assets/avatar-components/hair
https://ahshotti.gumroad.com/l/wicks,tptirh,Wicks COMMERICAL LICENSE,Ahshotti,https://ahshotti.gumroad.com,10.00,False,True,266,14,5.0,19.00,21,193,3d/3d-assets/avatar-components/hair
https://aiautomation38.gumroad.com/l/cloneyourself,abrxm,AI AMATEURS   ( Clone Yourself ) Ai Twin ,Lottie Smith,https://aiautomation38.gumroad.com,9.00,False,False,,0,0.0,,,,3d/3d-assets/avatar-components/tails
https://aidenart.gumroad.com/l/zinika,bqvzw,VRChat Zinika hair ✖️ ,AIDENFUR,https://aidenart.gumroad.com,11.99,False,False,,130,4.9,,27,1372,3d/3d-assets
https://aikero.gumroad.com/l/LeopardSetByAikero,kimaq,〈Leopard Set〉,Aikero,https://aikero.gumroad.com,10.00,False,True,3,0,0.0,,,,3d/3d-assets/avatar-components/ears
https://airtight.gumroad.com/l/ZDXrb,ZDXrb,Mosh-Pro Yearly Subscription,Airtight Interactive,https://airtight.gumroad.com,0.00,True,True,1951,81,5.0,24.09,,,design
https://akdenizdesigns.gumroad.com/l/WaveBracelet,bzmmvj,Akdeniz Designs - Wave Bracelet (Handmade),akdenizdesigns,https://akdenizdesigns.gumroad.com,10.00,False,True,2,2,5.0,1.00,,,3d/3d-assets/accessories/jewelry
https://akumadem0n.gumroad.com/l/Celestial_Twin_Angel_Demon_Wings,sxrhor,Celestial Twin Wings Bundle - Angel & Demon [Commercial Use],悪魔 A K U M A,https://akumadem0n.gumroad.com,5.00,False,True,49,8,5.0,6.12,48,289,3d/3d-assets/accessories/wings
https://akumadem0n.gumroad.com/l/CuteAngelPouch,lkgeg,Cute Angel Pouch | Avatar Decoration Asset [Commercial Use],悪魔 A K U M A,https://akumadem0n.gumroad.com,5.00,False,True,8,6,5.0,1.33,48,291,3d/3d-assets/accessories/bags
https://akumadem0n.gumroad.com/l/Simple_Gas_Mask,lfddkb,Simple Gas Mask | VRChat Avatar Asset [Commercial Use],悪魔 A K U M A,https://akumadem0n.gumroad.com,3.65,False,False,,3,5.0,,48,294,3d/3d-assets/accessories/masks
https://akzenmachixz.gumroad.com/l/CZMW-ProjectsAkzen,azilld,VRChat | CZMW - Crezevision Moonlight Wings | Avatar Attachments,AkzenMachixZ,https://akzenmachixz.gumroad.com,10.00,False,False,,0,0.0,,6,25,3d/3d-assets/accessories/wings
https://alanwayne.gumroad.com/l/CCG,memaa,Cinematic Compositor Addon,ALANWAYNE,https://alanwayne.gumroad.com,8.98,False,False,,44,4.5,,17,326,3d/3d-assets
https://alber.gumroad.com/l/Hyenid,cYgme,Hyenid VRChat Avatar,alber,https://alber.gumroad.com,40.00,False,False,,876,5.0,,3,372,3d
https://alexsokol.gumroad.com/l/catpin,prckz,CatPin - Blender Add-on,AlexSokol,https://alexsokol.gumroad.com,30.00,False,False,,8,4.8,,,,3d/3d-assets
https://allbadbadgers.gumroad.com/l/vkuxsp,vkuxsp,BADGER'S 10 FLUFY EAR PACK!,Allbadbadgers Emporium ,https://allbadbadgers.gumroad.com,9.99,False,False,,3,5.0,,33,277,3d/3d-assets/avatar-components/ears
https://alwaysyouramanda.gumroad.com/l/3RowStuddedBracelet,nbphrw,Spiked Bracelet with Round Studs (3Rows),alwaysyouramanda,https://alwaysyouramanda.gumroad.com,2.99,False,True,8,0,0.0,,15,45,3d/3d-assets/accessories/chokers
https://alwaysyouramanda.gumroad.com/l/DrgnWngs,bsswa,Dragon Wings - Rigged Character Attachment,alwaysyouramanda,https://alwaysyouramanda.gumroad.com,9.99,False,True,5,0,0.0,,15,45,3d/3d-assets/accessories/wings
https://alwaysyouramanda.gumroad.com/l/RngdChkr,cyxnsq,Ringed Choker,alwaysyouramanda,https://alwaysyouramanda.gumroad.com,2.99,False,True,8,0,0.0,,15,45,3d/3d-assets/accessories/chokers
https://alwaysyouramanda.gumroad.com/l/fairywings,aeybuf,Fairy Wings-Rigged Character Attachment,alwaysyouramanda,https://alwaysyouramanda.gumroad.com,9.99,False,True,8,0,0.0,,15,45,3d/3d-assets/accessories/wings
https://alwaysyouramanda.gumroad.com/l/fthrdwngs,wyryo,Feathered Wings - Rigged Character Attachment,alwaysyouramanda,https://alwaysyouramanda.gumroad.com,9.99,False,True,2,1,5.0,2.00,14,44,3d/3d-assets/accessories/wings
https://alwaysyouramanda.gumroad.com/l/hrtchrm,hcgsyw,Heart-Charmed Choker/Bracelet,alwaysyouramanda,https://alwaysyouramanda.gumroad.com,2.99,False,True,2,0,0.0,,15,45,3d/3d-assets/accessories/chokers
https://alwaysyouramanda.gumroad.com/l/nowthatswhaticallapairofantlers,usydl,Antlers,alwaysyouramanda,https://alwaysyouramanda.gumroad.com,3.00,False,True,7,0,0.0,,15,45,3d/3d-assets/avatar-components/horns
https://alwaysyouramanda.gumroad.com/l/toonAngelWings,mffwv,Angel Wings Toon- Rigged Character Attachment,alwaysyouramanda,https://alwaysyouramanda.gumroad.com,9.99,False,True,2,0,0.0,,15,45,3d/3d-assets/accessories/wings
https://amirfl.gumroad.com/l/TwMal,TwMal,PilotsCafe's IFR Quick-Review Study Guide,Amir Fleminger,https://amirfl.gumroad.com,0.00,True,False,,942,5.0,,,,education
https://amoryfarms.gumroad.com/l/conditions,dlxura,Conditions,Amory Farms Instruments,https://amoryfarms.gumroad.com,10.00,False,True,2056,42,4.5,48.95,,,3d
https://amuletteam.gumroad.com/l/amulet,qmwjk,Amulet Editor,Amulet Team,https://amuletteam.gumroad.com,0.00,True,False,,68,4.4,,,,3d/3d-assets/3ds-max
https://amyxcrystal.gumroad.com/l/kriaerihe,pdnma,Kri's Aeri Head Edit By CrystalTheBaka,Kissanity,https://amyxcrystal.gumroad.com,6.00,False,True,3,1,5.0,3.00,26,196,3d/3d-assets/avatar-components/heads
https://amyxcrystal.gumroad.com/l/littledevilhairpack,ozsvq,Little Devil Hair Pack By CrystalTheBaka,Kissanity,https://amyxcrystal.gumroad.com,0.00,True,True,10,1,5.0,10.00,26,196,3d/3d-assets/avatar-components/hair
https://amyxcrystal.gumroad.com/l/willaheadedit,hhjytw,Willa Head Edit By CrystalTheBaka,Kissanity,https://amyxcrystal.gumroad.com,5.00,False,True,36,5,5.0,7.20,26,192,3d/3d-assets/avatar-components/heads
https://andromedis.gumroad.com/l/rfhfm,rfhfm,Diamond Tiara Elfic,Andromedis,https://andromedis.gumroad.com,4.00,False,False,,5,5.0,,,,3d/3d-assets/accessories/jewelry
https://angeloferretti.gumroad.com/l/NEVK,NEVK,Casa GP Exterior Scene (Cinema 4D / 3DS MAX + Corona),Angelo Ferretti,https://angeloferretti.gumroad.com,59.90,False,False,,42,4.9,,57,457,3d/3d-assets/cinema-4d
https://archerhime.gumroad.com/l/sportsbra,psmtw,Sports Bra,Hime VR,https://archerhime.gumroad.com,5.00,False,False,,0,0.0,,,,3d/3d-assets/clothing/bras
https://arjynae.gumroad.com/l/bantr-text-to-speech-mac,ujeof,"Bantr: Private, Unlimited Text-to-Speech for Apple Silicon",Ar-jyn,https://arjynae.gumroad.com,0.00,True,False,,37,4.9,,,,audio
https://arkiefox.gumroad.com/l/fishnet_Aurora,dmmon,Fishnet Leggings | Foxipaws Aurora Clothing (VRCFury Drag-and-Drop ready),Arkie,https://arkiefox.gumroad.com,3.99,False,False,,0,0.0,,,,3d/3d-assets/clothing/bottoms
https://assetsdigitalpro.gumroad.com/l/FaceRigsinBlender,idbbw,Master Face Rigs in Blender: Animate Expressive 2D Characters,assets digital pro,https://assetsdigitalpro.gumroad.com,10.00,False,False,,1,5.0,,,,3d/3d-assets/accessories/wings
https://aviworksvr.gumroad.com/l/AVWMonsterJock,ujljb,[AVW] Monster Jockstrap Underwear ,AviworksVR,https://aviworksvr.gumroad.com,10.00,False,False,,17,4.6,,16,105,3d/3d-assets/clothing
https://aviworksvr.gumroad.com/l/avwMCProBriefs,jcjieo,[AVW] Masc Canine ProBriefs,AviworksVR,https://aviworksvr.gumroad.com,10.00,False,False,,2,5.0,,16,120,3d/3d-assets/clothing
https://aysuhoscan.gumroad.com/l/abntools,potsrb,ABN Painterly Normals - Easy Painterly Normals,Aysu Hoşcan (progjent),https://aysuhoscan.gumroad.com,11.99,False,False,,19,4.8,,,,3d
https://bakenogawa.gumroad.com/l/Anishter_FurPluse,ddirhu,FUR+【Accessory exclusive to ANISHTER】,BAKENOGAWA × MAOPAIBOX,https://bakenogawa.gumroad.com,0.00,True,False,,0,0.0,,9,17,3d/3d-assets/accessories
https://bakenogawa.gumroad.com/l/Jazzy_Suit_E6,bqvjuh,JAZZY SUIT 【ELEXY6-Compatible Outfit】,BAKENOGAWA × MAOPAIBOX,https://bakenogawa.gumroad.com,12.20,False,False,,3,5.0,,8,14,3d/3d-assets/clothing
https://bananabread.gumroad.com/l/vioqg,vioqg,Banana Pro Lens Shader + Glasses,Banana's Assets for VRChat,https://bananabread.gumroad.com,5.00,False,False,,1,5.0,,14,82,3d/3d-assets/avatar-components/heads
https://bartoszstyperek.gumroad.com/l/GarmentTool,MAnWP,Garment Tool,bartoszstyperek,https://bartoszstyperek.gumroad.com,40.00,False,False,,224,4.8,,16,2413,3d/3d-assets/blender
https://bartoszstyperek.gumroad.com/l/hairtool,Dbhj,Hair Tool for Blender,bartoszstyperek,https://bartoszstyperek.gumroad.com,52.00,False,False,,989,4.9,,16,1648,3d
https://bd3d.gumroad.com/l/geo-scatter,yqzFR,Geo-Scatter,BD3D,https://bd3d.gumroad.com,99.00,False,False,,37,5.0,,2,331,3d/3d-assets/blender
https://behemox.gumroad.com/l/hairgenerator,ucnep,Behemox Hair Generator for Blender,Behemox Studio,https://behemox.gumroad.com,19.50,False,True,1752,29,4.3,60.41,,,3d/3d-assets/blender
https://bemeesshrine.gumroad.com/l/dangerbackpack,rfgik,Danger Backpack,Bemee,https://bemeesshrine.gumroad.com,3.00,False,True,11,4,5.0,2.75,5,25,3d/3d-assets/accessories/bags
https://berkkaplan.gumroad.com/l/advanced,lbhns,Blender Advanced Car Design Course,Berk Kaplan,https://berkkaplan.gumroad.com,129.00,False,False,,77,5.0,,10,1335,3d/3d-assets
https://berkkaplan.gumroad.com/l/bQtHg,bQtHg,Blender for Car Design Course (for Beginners),Berk Kaplan,https://berkkaplan.gumroad.com,129.00,False,False,,139,5.0,,10,1273,3d/3d-assets
https://berryvee.gumroad.com/l/minidress,pihzgu,Ruched Mini Dress [3D Clothing Assets] [VRChat],berryvee,https://berryvee.gumroad.com,8.99,False,False,,11,4.9,,69,754,3d/3d-assets/clothing/dresses
https://bigbunjeeeeee.gumroad.com/l/cisui,cisui,Video content,Hulk Hogan (bigbunjeee),https://bigbunjeeeeee.gumroad.com,0.00,True,False,,289,4.9,,,,3d/3d-assets/3ds-max
https://bigschmeatyy.gumroad.com/l/HairEssentials,lpase,VRChat | Hair Bundle,Meaty,https://bigschmeatyy.gumroad.com,30.00,False,False,,0,0.0,,11,147,3d/3d-assets/accessories
https://bigschmeatyy.gumroad.com/l/KokoHairstyle,jbljql,VRChat | Koko Hairstyle,Meaty,https://bigschmeatyy.gumroad.com,15.00,False,True,20,0,0.0,,11,147,3d/3d-assets/avatar-components/hair
https://bigschmeatyy.gumroad.com/l/NoahHairstyle,flhqqf,VRChat | Noah Mohawk Hairstyle,Meaty,https://bigschmeatyy.gumroad.com,15.00,False,True,14,0,0.0,,11,147,3d/3d-assets/avatar-components/hair
https://bigschmeatyy.gumroad.com/l/Prefab_FluffyHair,suely,VRChat | Fluffy Mohawk Hairstyle,Meaty,https://bigschmeatyy.gumroad.com,15.00,False,True,9,1,5.0,9.00,10,146,3d/3d-assets/avatar-components/hair
https://bigschmeatyy.gumroad.com/l/universalwhiskers,moksvm,VRChat | Universal Whiskers,Meaty,https://bigschmeatyy.gumroad.com,2.00,False,False,,3,5.0,,10,144,3d/3d-assets/avatar-components/hair
https://binauralnutrition.gumroad.com/l/unshakeable,rwhso,Unshakeable - Fearless Alpha Male,Binaural Nutrition,https://binauralnutrition.gumroad.com,150.00,False,False,,32,4.8,,,,audio
https://blackjax.gumroad.com/l/AvatarHead,pnkms,BlackJaxVR's Avatar Head (ARKit Face Tracking),BlackJax,https://blackjax.gumroad.com,25.00,False,True,54,10,5.0,5.40,,,3d/3d-assets/avatar-components/heads
https://blender-archipack.gumroad.com/l/ZRMyP,ZRMyP,Blender-Archipack,Stephen L.,https://blender-archipack.gumroad.com,49.00,False,False,,295,4.7,,3,2069,3d/3d-assets
https://blossomandroot.gumroad.com/l/oLUKF,oLUKF,Blossom and Root First Grade (Full Bundle),Blossom and Root,https://blossomandroot.gumroad.com,133.00,False,False,,84,4.8,,61,821,3d
https://bluemhm.gumroad.com/l/NardoDinoHoodie,hburdj,Dino Hoodie For 3.0 Nardoragon from THE FINALS,Blue Mhm,https://bluemhm.gumroad.com,10.00,False,False,,0,0.0,,17,50,3d/3d-assets/clothing/jackets
https://blurrbi.gumroad.com/l/crescentchoker,ntonk,FREE Crescent Choker,Blurrbi,https://blurrbi.gumroad.com,0.00,True,False,,3,5.0,,43,212,3d/3d-assets/accessories/chokers
https://blurrbi.gumroad.com/l/ucqtvh,ucqtvh,Moon Chain Choker  |  FREE,Blurrbi,https://blurrbi.gumroad.com,0.00,True,False,,0,0.0,,44,215,3d/3d-assets/accessories/chokers
https://blurrbi.gumroad.com/l/wncbz,wncbz,"FREE Chain Garter Belt  | VrBase, Slimfit, Zinfit",Blurrbi,https://blurrbi.gumroad.com,0.00,True,False,,0,0.0,,44,215,3d/3d-assets/accessories/harnesses
https://bookieson.gumroad.com/l/ChokerSet,xvptiu,Choker Set,Bookieson,https://bookieson.gumroad.com,8.00,False,False,,2,5.0,,25,296,3d/3d-assets/accessories/chokers
https://bookieson.gumroad.com/l/VirginSweaterDress,ekloxbi,Virgin Killer Sweater Dress,Bookieson,https://bookieson.gumroad.com,8.00,False,False,,4,5.0,,25,294,3d/3d-assets/clothing/dresses
https://borovikmotion.gumroad.com/l/smart_layer,apvbbq,Smart Layer v0.91.0 (Python Script for Maya) ,Slava Baravik,https://borovikmotion.gumroad.com,50.00,False,False,,26,5.0,,4,19,3d
https://br1sells.gumroad.com/l/ckqdcn,ckqdcn,Louie Vuitton belts ,Br1resells,https://br1sells.gumroad.com,3.99,False,False,,1,1.0,,6,15,3d/3d-assets/accessories/belts
https://bubblegumz.gumroad.com/l/mjkoew,mjkoew,Eel MerTail,Bubblegumz,https://bubblegumz.gumroad.com,8.00,False,False,,1,5.0,,95,376,3d/3d-assets/avatar-components/tails
https://bubblegumz.gumroad.com/l/xvhmyz,xvhmyz,Sharp MerTail,Bubblegumz,https://bubblegumz.gumroad.com,10.00,False,False,,1,5.0,,95,376,3d/3d-assets/avatar-components/tails
https://bulkmockup.gumroad.com/l/obfdg,obfdg,Bulk Mockup Version 3,Bulk Mockup,https://bulkmockup.gumroad.com,0.00,True,False,,77,4.4,,30,191,3d
https://careyantdesigned.gumroad.com/l/nhbia,nhbia,Juneteenth Freedom Pack,Carey Ant,https://careyantdesigned.gumroad.com,0.00,True,False,,1,5.0,,17,51,3d/3d-assets/avatar-components/heads
https://cascadian.gumroad.com/l/AyameHalterDress,krnpu,Halter Dress | Outfit for Ayame 【アヤメ】,Cascadian,https://cascadian.gumroad.com,12.00,False,False,,0,0.0,,10,79,3d/3d-assets/clothing/dresses
https://catholiccartoonist.gumroad.com/l/dcvtj,dcvtj,Catholic Bulletin Comics: 52 Weeks of Ready-to-Use Content,Josh Masterson,https://catholiccartoonist.gumroad.com,200.00,False,False,,1,5.0,,,,comics-and-graphic-novels
https://cg7.gumroad.com/l/bvxnoo,bvxnoo,Cinema4D & Redshift animated project _Valentine's Day 3D Animation Project,cgseven,https://cg7.gumroad.com,45.00,False,False,,0,0.0,,80,179,3d/3d-assets/cinema-4d
https://cg7.gumroad.com/l/gqham,gqham,C4D & Octane_Satellite ,cgseven,https://cg7.gumroad.com,65.00,False,False,,0,0.0,,80,179,3d/3d-assets/cinema-4d
https://cg7.gumroad.com/l/hxftq,hxftq,C4D & Octane 300 Projectfiles HD_pack 2 ,cgseven,https://cg7.gumroad.com,399.00,False,False,,2,4.5,,79,177,3d/3d-assets/cinema-4d
https://cg7.gumroad.com/l/nlvwy,nlvwy, C4D & Octane Bundle project pack ,cgseven,https://cg7.gumroad.com,1000.00,False,False,,0,0.0,,80,179,3d/3d-assets/cinema-4d
https://cg7.gumroad.com/l/qlzfij,qlzfij,Cinema4D_HUBLOT-CGI_Animated projectfiles,cgseven,https://cg7.gumroad.com,90.00,False,False,,0,0.0,,80,179,3d/3d-assets/cinema-4d
https://cg7.gumroad.com/l/qphkt,qphkt,C4D & Octane 200 Projectfiles HD,cgseven,https://cg7.gumroad.com,299.00,False,False,,8,3.8,,79,171,3d/3d-assets/cinema-4d
https://cg7.gumroad.com/l/sipvg,sipvg,C4D & REDSHIFT Animated project _ Tylko,cgseven,https://cg7.gumroad.com,75.00,False,False,,0,0.0,,80,179,3d/3d-assets/cinema-4d
https://chapterimmortality.gumroad.com/l/charitytail,yztfr,Charitytail,Chapter Immortality,https://chapterimmortality.gumroad.com,5.00,False,True,8,0,0.0,,,,3d/3d-assets/avatar-components/tails
https://chasitykwill.gumroad.com/l/xiktm,xiktm,The Well-Led Home Binder,Chasity Williams,https://chasitykwill.gumroad.com,37.00,False,False,,3,5.0,,19,109,3d/3d-assets/3ds-max
https://chipmood.gumroad.com/l/SpikyBlendChoker,pkvdkd,Chip's Spiked Blendshape Choker,ChipMood,https://chipmood.gumroad.com,2.00,False,False,,0,0.0,,,,3d/3d-assets/accessories/chokers
https://christiangracemagic.gumroad.com/l/magicmonthly,EgKyq,MAGIC MONTHLY by Christian Grace,Christian Grace,https://christiangracemagic.gumroad.com,0.00,True,False,,392,4.9,,,,3d
https://chromelabs.gumroad.com/l/glare,iisou,✨ GLARE for Blender | Make Your Renders Shine | Bloom & Lensflare FX,CHROMELABS,https://chromelabs.gumroad.com,15.00,False,True,1686,65,4.9,25.94,3,80,3d/3d-assets/blender
https://cleodesktop.gumroad.com/l/kutim,kutim,Double Flash Yellow Theme For Windows 11,Cleodesktop,https://cleodesktop.gumroad.com,4.99,False,False,,0,0.0,,285,700,3d/3d-assets/accessories/gloves
https://cleodesktop.gumroad.com/l/wkxyj,wkxyj,Gaisha Theme For Windows 11,Cleodesktop,https://cleodesktop.gumroad.com,4.99,False,False,,0,0.0,,285,700,3d/3d-assets/clothing/bodysuits
https://coburnian5.gumroad.com/l/xxogns,xxogns,ZK-Theta Language ,HardStarX,https://coburnian5.gumroad.com,7.77,False,False,,224,4.1,,,,3d/3d-assets/3ds-max
https://codegrid.gumroad.com/l/codegridpro,okwfx,CodegridPRO,Codegrid,https://codegrid.gumroad.com,0.00,True,True,1589,168,4.5,9.46,,,3d/3d-assets/3ds-max
https://constructionbooks.gumroad.com/l/iwfmrz,iwfmrz,The Modern Estimator's Manual,Construction Books,https://constructionbooks.gumroad.com,39.99,False,False,,0,0.0,,,,3d/3d-assets/3ds-max
https://craftscape.gumroad.com/l/trwtui,trwtui,Baby Boy Frame For Business,craftscape,https://craftscape.gumroad.com,950.00,False,False,,0,0.0,,,,3d/3d-assets/accessories/wings
https://crashsune.gumroad.com/l/LowPolyCourse,xmcug,Create Animated Low Poly Characters – Even If You've Never Opened Blender,Crashsune,https://crashsune.gumroad.com,59.99,False,True,4305,298,4.9,14.45,5,152,3d
https://cwsproducts.gumroad.com/l/axpoe,axpoe,SubMachine - Subscription,Creative Workflow Solutions,https://cwsproducts.gumroad.com,0.00,True,False,,65,4.2,,,,3d/3d-assets/3ds-max
https://cwsproducts.gumroad.com/l/iprnfk,iprnfk,SubMachine - Lifetime,Creative Workflow Solutions,https://cwsproducts.gumroad.com,150.00,False,False,,50,4.5,,,,films
https://cyangryphon.gumroad.com/l/cat_addOn_Horns,kenzf,VRChat assets - Horns  ,cyangryphon,https://cyangryphon.gumroad.com,4.00,False,False,,1,5.0,,16,112,3d/3d-assets/avatar-components/horns
https://d5library.gumroad.com/l/ldwpl,ldwpl,D5 Render Library Architecture Pack,D5LIBRARY.ID,https://d5library.gumroad.com,35.00,False,True,19,1,5.0,19.00,,,3d/3d-assets/accessories
https://dailyrepsguy.gumroad.com/l/DailyRepsGuy-PDF,zywrge,How to Get Jacked in Under 20 Minutes a Day,Skye Mackintosh,https://dailyrepsguy.gumroad.com,0.00,True,True,25412,113,4.9,224.88,,,3d
https://damosfilm.gumroad.com/l/cinematiclutpack,fvkzg,CINEMATIC LUTS V1,DopeitsDamo,https://damosfilm.gumroad.com,70.00,False,True,4348,13,5.0,334.46,,,3d
https://dani17dev.gumroad.com/l/pink,zsxhxi,[VRC + Rig] Deltarune | Pink,Dani17dev,https://dani17dev.gumroad.com,15.00,False,False,,17,5.0,,7,54,3d
https://danielemotion.gumroad.com/l/fluentpack,fkfzc,Fluent Pack - Complete Cinema 4D + Redshift Kit,Daniel Koltsiuk,https://danielemotion.gumroad.com,59.00,False,False,,2,5.0,,,,3d/3d-assets/cinema-4d
https://dannymac.gumroad.com/l/hairwrangler,evbqcd,Hair Wrangler for Blender,Danny Mac 3D,https://dannymac.gumroad.com,0.00,True,True,9187,54,4.9,170.13,24,1036,3d/3d-assets/blender
https://daribodrawing.gumroad.com/l/all_practice_cards,mwilj,30 Days of  Sketching Practice Bundle: Improve Your Drawing Skills with Practice Cards and a Progress Tracker,Daria Bogdanova @daribodrawing,https://daribodrawing.gumroad.com,11.90,False,False,,2,5.0,,17,1331,3d
https://darkblade909.gumroad.com/l/NovaHoodie,hpigmy,Novabeast Hoodie,DarkBlade,https://darkblade909.gumroad.com,10.00,False,False,,0,0.0,,3,10,3d/3d-assets/clothing/jackets
https://darksideralex.gumroad.com/l/aadsn,aadsn,[P.0.E] - Avazi Strider Outfit,Process of Elimination,https://darksideralex.gumroad.com,35.00,False,False,,8,4.5,,30,492,3d/3d-assets/clothing/bodysuits
https://darksideralex.gumroad.com/l/dznpn,dznpn,[P.0.E] - Combat Medic,Process of Elimination,https://darksideralex.gumroad.com,20.00,False,False,,0,0.0,,31,500,3d/3d-assets/clothing/bodysuits
https://darksideralex.gumroad.com/l/gfwkk,gfwkk,"[P.0.E] - Sirius Outfit (Shirt, Jeans, Sneakers)",Process of Elimination,https://darksideralex.gumroad.com,0.00,True,False,,45,4.6,,30,455,3d/3d-assets/clothing
https://darksideralex.gumroad.com/l/nohzgi,nohzgi,[P.0.E] - Fashion Suit,Process of Elimination,https://darksideralex.gumroad.com,0.00,True,False,,70,4.8,,30,430,3d/3d-assets
https://darksideralex.gumroad.com/l/oarfuw,oarfuw,[P.0.E] - OCEANIC // Activewear,Process of Elimination,https://darksideralex.gumroad.com,20.00,False,False,,0,0.0,,31,500,3d/3d-assets
https://darksideralex.gumroad.com/l/ojhnaf,ojhnaf,[P.0.E] - EX1 - PETRICHOR Armor Set,Process of Elimination,https://darksideralex.gumroad.com,30.00,False,False,,0,0.0,,31,500,3d/3d-assets/clothing
https://darksideralex.gumroad.com/l/qjnlh,qjnlh,[P.0.E] - Talhar Thief Armor,Process of Elimination,https://darksideralex.gumroad.com,30.00,False,False,,5,5.0,,30,495,3d/3d-assets/clothing/bodysuits
https://darksideralex.gumroad.com/l/skvjm,skvjm,[P.0.E] - Starbolds Barista Outfit,Process of Elimination,https://darksideralex.gumroad.com,0.00,True,False,,5,5.0,,30,495,3d/3d-assets/clothing
https://dasteel.gumroad.com/l/HeadStrap,pemlt,Novabeast | Harness Headpiece | Head Strap,DaSteel,https://dasteel.gumroad.com,8.00,False,False,,32,4.9,,9,108,3d/3d-assets/accessories
https://dasteel.gumroad.com/l/Mayu-HeadStrap,gwndh,Mayu | Harness Headpiece | Head Strap,DaSteel,https://dasteel.gumroad.com,8.00,False,False,,4,5.0,,9,136,3d/3d-assets/accessories
https://dasteel.gumroad.com/l/Mayu-OSC-Harness,pmjwf,Mayu | Mayu-Harness - OSCLeash,DaSteel,https://dasteel.gumroad.com,17.00,False,False,,14,4.9,,9,126,3d/3d-assets/accessories
https://dasteel.gumroad.com/l/Nardo-HeadStrap,gfhzg,Nardoragon | Harness HeadGear | Head Strap,DaSteel,https://dasteel.gumroad.com,8.00,False,False,,3,3.7,,9,137,3d/3d-assets/accessories
https://dasteel.gumroad.com/l/Nardo-OSC-Harness,ljekpq,Nardoragon | Nardo-Harness - OSCLeash,DaSteel,https://dasteel.gumroad.com,17.00,False,False,,9,4.4,,9,131,3d/3d-assets/accessories
https://dasteel.gumroad.com/l/Nova-OSC-Harness,kdlsw,Novabeast | Nova-Harness - OSCLeash,DaSteel,https://dasteel.gumroad.com,17.00,False,False,,34,4.9,,9,106,3d/3d-assets/accessories
https://dasteel.gumroad.com/l/NovaTechware,qbwbex,Novabeast | Nova Tech ware - MMXXV,DaSteel,https://dasteel.gumroad.com,18.00,False,False,,5,4.6,,9,135,3d/3d-assets/clothing
https://daygloayhole.gumroad.com/l/blackarms,bdnty,Black Arms to Hold You Up: A History of Black Resistance (signed copy),Ben Passmore,https://daygloayhole.gumroad.com,25.00,False,False,,3,5.0,,,,comics-and-graphic-novels
https://demiheart.gumroad.com/l/RedProtocoljacket,hnzcxp,RedProtocol Jacket for Mayu Avatar,DemiHeartStore,https://demiheart.gumroad.com,14.99,False,False,,0,0.0,,,,3d/3d-assets/clothing/jackets
https://demonikbear.gumroad.com/l/TheSusBase,dicabv,Demonic Bear's The Sus Base,Demonicbear,https://demonikbear.gumroad.com,45.00,False,False,,0,0.0,,,,3d/3d-assets/avatar-components/bases
https://dextrovr.gumroad.com/l/DexCloneUltimate,hnjlmf,DexClone Ultimate for VRChat,Dextro,https://dextrovr.gumroad.com,30.00,False,False,,25,4.8,,3,587,3d
https://dextrovr.gumroad.com/l/DexProtect,gxayd,Avatar Protection System for VRChat,Dextro,https://dextrovr.gumroad.com,20.00,False,False,,227,4.8,,3,385,3d
https://dicostore.gumroad.com/l/WOW,vfibia,THE BEST World of Warcraft PowerPoint Template Morph and Zoom animation,Dico,https://dicostore.gumroad.com,7.00,False,False,,0,0.0,,,,3d/3d-assets/accessories/wings
https://dillongoo.gumroad.com/l/goo-physics,hygxtx,Goo Physics,Dillon Goo,https://dillongoo.gumroad.com,20.00,False,False,,24,4.8,,7,131,3d
https://dinzee.gumroad.com/l/DBS,kinhn,Dinzee's Bunny Suit,Dinzee_1,https://dinzee.gumroad.com,8.00,False,True,18,2,5.0,9.00,61,150,3d/3d-assets/clothing/bodysuits
https://dinzee.gumroad.com/l/DBunnySuit2025,wrtaol,Dinzee's BunnySuit 2025,Dinzee_1,https://dinzee.gumroad.com,7.00,False,True,3,0,0.0,,62,152,3d/3d-assets/clothing/bodysuits
https://dinzee.gumroad.com/l/DBunnySuitMale,xjtwuu, Dinzee's BunnySuit MALE,Dinzee_1,https://dinzee.gumroad.com,7.00,False,True,10,2,5.0,5.00,61,150,3d/3d-assets/clothing/bodysuits
https://dinzee.gumroad.com/l/DC01,woxkpy,Dinzee's Choker (01),Dinzee_1,https://dinzee.gumroad.com,5.00,False,True,3,0,0.0,,62,152,3d/3d-assets/accessories/chokers
https://dinzee.gumroad.com/l/DC02,eiruz,Dinzee's Choker (02),Dinzee_1,https://dinzee.gumroad.com,5.00,False,True,0,0,0.0,,62,152,3d/3d-assets/accessories/chokers
https://dinzee.gumroad.com/l/DC03,vukhs,Dinzee's Choker (03),Dinzee_1,https://dinzee.gumroad.com,5.00,False,True,0,0,0.0,,62,152,3d/3d-assets/accessories/chokers
https://dinzee.gumroad.com/l/DC04,zjkdyh,Dinzee's Choker  (04),Dinzee_1,https://dinzee.gumroad.com,5.00,False,True,0,0,0.0,,62,152,3d/3d-assets/accessories/chokers
https://dinzee.gumroad.com/l/DC05,epvug,Dinzee's Choker  (05),Dinzee_1,https://dinzee.gumroad.com,5.00,False,True,1,0,0.0,,62,152,3d/3d-assets/accessories/chokers
https://dinzee.gumroad.com/l/DCBUNDLE,mmiby,Dinzee's Choker Bundle,Dinzee_1,https://dinzee.gumroad.com,10.00,False,True,1,0,0.0,,62,152,3d/3d-assets/accessories/chokers
https://dinzee.gumroad.com/l/DCD,yydprt,Dinzee's Chained Dress,Dinzee_1,https://dinzee.gumroad.com,8.00,False,True,88,8,5.0,11.00,61,144,3d/3d-assets/clothing/dresses
https://dinzee.gumroad.com/l/DCobwebDress1HW24,tnnxdd,Dinzee's Cobweb Dress 1,Dinzee_1,https://dinzee.gumroad.com,7.00,False,True,2,1,5.0,2.00,61,151,3d/3d-assets/clothing/dresses
https://dinzee.gumroad.com/l/DComfySweaterV2-UglyXmasSweaterTextureDLC,iczoi,Dinzee's Comfy Sweater V2 - Ugly Xmas Sweater Texture DLC (FREE IN DISCORD SERVER),Dinzee_1,https://dinzee.gumroad.com,2.00,False,True,1,0,0.0,,62,152,3d/3d-assets/clothing/bodysuits
https://dinzee.gumroad.com/l/DFullThrottleBodysuit,pwvvpx,Dinzee's Full Throttle Bodysuit,Dinzee_1,https://dinzee.gumroad.com,8.00,False,True,4,0,0.0,,62,152,3d/3d-assets/clothing/bodysuits
https://dinzee.gumroad.com/l/DGothicEleganceDress,omcxfd,Dinzee's Gothic Elegance Dress,Dinzee_1,https://dinzee.gumroad.com,8.00,False,True,5,0,0.0,,62,152,3d/3d-assets/clothing/dresses
https://dinzee.gumroad.com/l/DMD,uehzme,Dinzee's Mermaid Dress,Dinzee_1,https://dinzee.gumroad.com,6.00,False,True,48,5,5.0,9.60,61,147,3d/3d-assets/clothing/dresses
https://dinzee.gumroad.com/l/DMilkmaidDress,skcfty,Dinzee's Milkmaid Dress,Dinzee_1,https://dinzee.gumroad.com,8.00,False,True,11,0,0.0,,62,152,3d/3d-assets/clothing/dresses
https://dinzee.gumroad.com/l/DRimestoneDrapeDress,zsieja,Dinzee's Rimestone Drape Dress,Dinzee_1,https://dinzee.gumroad.com,7.00,False,True,8,0,0.0,,62,152,3d/3d-assets/clothing/dresses
https://dinzee.gumroad.com/l/DRippedJeansDLC,mtmcm,Dinzee's Ripped Jeans Texture DLC (FREE IN DISCORD SERVER),Dinzee_1,https://dinzee.gumroad.com,2.00,False,True,1,0,0.0,,62,152,3d/3d-assets/clothing/bodysuits
https://dinzee.gumroad.com/l/DSirenDrapeGown,koxss,Dinzee's Siren Drape Gown,Dinzee_1,https://dinzee.gumroad.com,9.00,False,True,3,1,5.0,3.00,61,151,3d/3d-assets/clothing/dresses
https://dinzee.gumroad.com/l/DTracksideHoodieBodysuit,qvvjt,Dinzee's Trackside Hoodie Bodysuit,Dinzee_1,https://dinzee.gumroad.com,8.00,False,True,12,0,0.0,,62,152,3d/3d-assets/clothing/bodysuits
https://dinzee.gumroad.com/l/DWrapYourOwnPresentChristmasDLC,tzshfa,Dinzee's Wrap Your Own Present Christmas Texture DLC (FREE IN DISCORD SERVER),Dinzee_1,https://dinzee.gumroad.com,2.00,False,True,2,0,0.0,,62,152,3d/3d-assets/clothing/bodysuits
https://dinzee.gumroad.com/l/DWrapYourOwnPresentHalloweenDLC,maqwfu,Dinzee's Wrap Your Own Present Halloween Texture DLC ,Dinzee_1,https://dinzee.gumroad.com,2.00,False,True,3,0,0.0,,62,152,3d/3d-assets/clothing/bodysuits
https://dinzee.gumroad.com/l/DWrappedWarning-HalloweenDLC,jqkulz,Dinzee's Wrapped Warning - Halloween Texture DLC,Dinzee_1,https://dinzee.gumroad.com,2.00,False,True,1,0,0.0,,62,152,3d/3d-assets/clothing/bodysuits
https://dinzee.gumroad.com/l/PyraAndSareneWings,ugind, Pyra and Sarene Wings,Dinzee_1,https://dinzee.gumroad.com,7.00,False,True,25,1,5.0,25.00,61,151,3d/3d-assets/accessories/wings
https://dishbydavid.gumroad.com/l/TRFS,zypwp,The Real Fermentation System,David Levitsky,https://dishbydavid.gumroad.com,57.00,False,False,,7,5.0,,6,68,3d/3d-assets/3ds-max
https://dkolpakov.gumroad.com/l/Overlapper,fIret,Overlapper 1.1.2,Dmitrii Kolpakov,https://dkolpakov.gumroad.com,20.00,False,True,3971,111,4.6,35.77,15,389,3d/3d-assets
https://dodashviliguga.gumroad.com/l/guideify,eowhvs,Guideify for - Premiere Pro,Guga Dodashvili,https://dodashviliguga.gumroad.com,15.00,False,False,,12,4.5,,,,films
https://dogu.gumroad.com/l/qilde,qilde,DMN Horns and Tail,DOGU,https://dogu.gumroad.com,8.99,False,False,,2,5.0,,44,1315,3d/3d-assets/avatar-components/horns
https://doublegum.gumroad.com/l/ClayDoh,GmGaM,Clay Doh - Tools & Shaders,Rahul Parihar,https://doublegum.gumroad.com,999.00,False,False,,43,5.0,,6,219,3d/3d-assets
https://doublegum.gumroad.com/l/komikaze,aewJwu,Komikaze v2: Toon Shaders & Assets Pack,Rahul Parihar,https://doublegum.gumroad.com,999.00,False,False,,57,5.0,,6,205,3d/3d-assets/blender
https://dreadwolfuin.gumroad.com/l/RegulusWaistcoat,eetpzq,Regulus Waistcoat,Dread,https://dreadwolfuin.gumroad.com,5.00,False,True,57,1,5.0,57.00,4,23,3d/3d-assets/clothing/jackets
https://dscds.gumroad.com/l/itcjew,itcjew,$597.00 The 30-Day To A Higher Paying Job Program and Coaching Fast Track - Land Your Dream Job Faster,Daniel Smiley,https://dscds.gumroad.com,597.00,False,False,,1,5.0,,10,25,3d
https://dsculptor.gumroad.com/l/exportiges,tbduc,Export IGES,Digital Sculptors,https://dsculptor.gumroad.com,10.00,False,False,,101,4.5,,4,23,3d/3d-assets/blender
https://dummics.gumroad.com/l/chainedbh,pnqdg,Chained Body Harness,Dummics's Store,https://dummics.gumroad.com,4.00,False,True,44,3,5.0,14.67,15,75,3d/3d-assets/accessories/harnesses
https://dummics.gumroad.com/l/leather-jacket,egqvj,Leather Jacket,Dummics's Store,https://dummics.gumroad.com,15.00,False,False,,0,0.0,,16,78,3d/3d-assets/clothing/jackets
https://ebookshop10.gumroad.com/l/hnsvs,hnsvs,رحلة شفاء لمدة 30 يومًا - مروة صعب,ebookshop10,https://ebookshop10.gumroad.com,18.99,False,False,,8,4.9,,,,3d
https://eggly69.gumroad.com/l/ChaiHornsbyBlackly69,bffUv,Chain Horns *Commercial License*,Eggly69,https://eggly69.gumroad.com,9.00,False,False,,3,5.0,,75,771,3d/3d-assets/avatar-components/horns
https://eggly69.gumroad.com/l/CyberMask,dvfsri,CyberMask *Commercial License*,Eggly69,https://eggly69.gumroad.com,9.00,False,False,,10,5.0,,75,764,3d/3d-assets/accessories/masks
https://eggly69.gumroad.com/l/Ears-and-Tail-Pack,nSWNu,Ears and Tail Collection *Commercial License*,Eggly69,https://eggly69.gumroad.com,11.00,False,False,,7,5.0,,75,767,3d/3d-assets/avatar-components/ears
https://eggnogz.gumroad.com/l/HuskyEars,aqgaki,Husky Ears [Personal & Commerical Use],EggNog,https://eggnogz.gumroad.com,5.00,False,True,70,5,5.0,14.00,,,3d/3d-assets/avatar-components/ears
https://elaligato.gumroad.com/l/chubby_choker,ojytf,Spiked Heart Choker (rigged)(10k-20k triangles),Chubbytoad,https://elaligato.gumroad.com,5.00,False,True,10,1,5.0,10.00,9,60,3d/3d-assets/accessories/chokers
https://elaligato.gumroad.com/l/chubby_rosechoker,prnjc,Rose Choker (7k triangles),Chubbytoad,https://elaligato.gumroad.com,5.00,False,True,12,0,0.0,,10,61,3d/3d-assets/accessories/chokers
https://elaligato.gumroad.com/l/wnaump,wnaump,Japanese Hair pin Flowers (rigged)(7092 tris),Chubbytoad,https://elaligato.gumroad.com,7.00,False,True,7,0,0.0,,10,61,3d/3d-assets/accessories/jewelry
https://eldritchelias.gumroad.com/l/xipczs,xipczs,Detailed Elk Antlers,Eldritch Elias,https://eldritchelias.gumroad.com,5.00,False,True,150,7,4.9,21.43,3,27,3d/3d-assets/avatar-components/horns
https://eliasyoder.gumroad.com/l/manual,shzoow,The Amish Home Savings Manual,Elias Yoder,https://eliasyoder.gumroad.com,47.00,False,False,,143,5.0,,,,other
https://elizabytevr.gumroad.com/l/AnimeHead,oyqxut,"Eliza Anime Head - [VRChat, VTuber, ARKit, Unified Expressions, MMD]",E L I Z A,https://elizabytevr.gumroad.com,0.00,True,True,276,73,5.0,3.78,13,823,3d/3d-assets/avatar-components/heads
https://elizmill.gumroad.com/l/Universalbrushes,ixsraih,🎀 Universal Brush for Line Art and Blend for PROCREATE + quick video guide,Eliza Miller,https://elizmill.gumroad.com,2.00,False,False,,23,4.7,,12,53,3d
https://ellenescapes.gumroad.com/l/czmhuf,czmhuf,Fujifilm Preset (Lightroom Mobile),Ellen Escapes,https://ellenescapes.gumroad.com,2.99,False,False,,41,4.0,,11,96,photography
https://ellenescapes.gumroad.com/l/mmcxm,mmcxm,Riviera Film Summer Preset (Lightroom),Ellen Escapes,https://ellenescapes.gumroad.com,2.99,False,False,,6,4.5,,11,131,3d/3d-assets/3ds-max
https://elvenessentials1111.gumroad.com/l/yeoibx,yeoibx,Golden Butterfly - 18k Gold Plated - Handmade - Feather Earrings ,Elven Essentials,https://elvenessentials1111.gumroad.com,45.00,False,False,,0,0.0,,,,3d/3d-assets/accessories/jewelry
https://emaillove.gumroad.com/l/email-love-figma-plugin,qlaciu,Email Love Figma Plugin → HTML Email Builder,Email Love,https://emaillove.gumroad.com,0.00,True,False,,6,5.0,,,,design
https://embercat.gumroad.com/l/catpiercings,tbnck,KhnfuCat Piercings,NeoEmberArts,https://embercat.gumroad.com,2.00,False,False,,2,5.0,,3,14,3d/3d-assets/accessories/jewelry
https://embracefx.gumroad.com/l/damagecontrol,ixbnjd,Damage Control - Ultimate Bundle (Early Birds Price!),Embrace FX,https://embracefx.gumroad.com,60.00,False,False,,2,5.0,,16,2725,3d/3d-assets
https://emilianopennisi.gumroad.com/l/zzqmt,zzqmt,Brain Recordings | Max For Live for Ableton and Push ,Emi liano,https://emilianopennisi.gumroad.com,49.00,False,True,285,50,5.0,5.70,9,127,music-and-sound-design
https://enhancedinfo.gumroad.com/l/advancedresearch,OUFeb,ADVANCED RESEARCH PROGRAM,ENHANCEDINFO,https://enhancedinfo.gumroad.com,47.00,False,False,,0,0.0,,16,777,fitness-and-health
https://enhancedinfo.gumroad.com/l/customcycleno,iOWUj,OPTIMIZED CYCLE COACHING,ENHANCEDINFO,https://enhancedinfo.gumroad.com,400.00,False,False,,51,5.0,,15,726,3d
https://enhancedinfo.gumroad.com/l/innersanctum,lsIYq,THE INNER SANCTUM - by enhancedinfo,ENHANCEDINFO,https://enhancedinfo.gumroad.com,0.00,True,False,,67,4.9,,15,710,3d/3d-assets/3ds-max
https://erasers45.gumroad.com/l/blockblender2,ecvbuo,VoxelVision IV (formerly BlockBlender),Erasers45-Studios,https://erasers45.gumroad.com,0.00,True,True,9090,37,4.9,245.68,,,3d
https://erythrina.gumroad.com/l/nardoantlers,xnjgpl,Free Nardoragon Antlers,Erythrina,https://erythrina.gumroad.com,0.00,True,False,,41,4.8,,9,37,3d/3d-assets/avatar-components/horns
https://everstitchstudio.gumroad.com/l/DenimHandbag,xhlvz,Denim Handbag Sewing Pattern Recycled Jeans Project (PDF + Video),EverstitchStudio,https://everstitchstudio.gumroad.com,5.98,False,False,,0,0.0,,,,3d/3d-assets/accessories/bags
https://exlife.gumroad.com/l/acidcoat,krfpdf,acid coat,exlife,https://exlife.gumroad.com,15.00,False,True,9,0,0.0,,,,3d/3d-assets/clothing/jackets
https://exlife.gumroad.com/l/theriantag,brhrw,therian tag,exlife,https://exlife.gumroad.com,5.95,False,True,2,1,5.0,2.00,,,3d/3d-assets/accessories/jewelry
https://falsk.gumroad.com/l/bagharness,fblpgx,EYS Bag Harness (commercial),falsk,https://falsk.gumroad.com,999.00,False,False,,4,5.0,,31,847,3d/3d-assets/accessories/harnesses
https://faridmammadov.gumroad.com/l/G-Ready,uzwvxd,G-Ready - Game Ready Modeling Tools,Farid Mammadov,https://faridmammadov.gumroad.com,14.90,False,False,,90,5.0,,,,3d/3d-assets/blender
https://filippo02003.gumroad.com/l/nfphyb,nfphyb,Harness for Winterpaw Canine,Filippo,https://filippo02003.gumroad.com,15.00,False,True,24,1,5.0,24.00,7,34,3d/3d-assets/accessories/harnesses
https://firefluff3d.gumroad.com/l/bfciwt,bfciwt,Undies for the Awtter,Fire,https://firefluff3d.gumroad.com,5.00,False,False,,5,5.0,,,,3d/3d-assets/clothing/bottoms
https://firstgenwealth.gumroad.com/l/ebDbEN,ebDbEN,THE RUNNERS COMMUNITY ,First Generation Wealth Building,https://firstgenwealth.gumroad.com,0.00,True,False,,63,4.9,,,,education
https://flamesound.gumroad.com/l/vatra,ceeuzz,VATRA,Flame Sound,https://flamesound.gumroad.com,69.00,False,False,,32,5.0,,11,2736,3d/3d-assets/3ds-max
https://flormoomodels.gumroad.com/l/NovaBangs,sqxgp,(Novabeast) Blinding Bangs,Flormoo,https://flormoomodels.gumroad.com,5.00,False,True,181,4,5.0,45.25,9,29,3d/3d-assets/avatar-components/hair
https://flormoomodels.gumroad.com/l/NovaPunkHair,vmxyf,(Novabeast) Punky Hair,Flormoo,https://flormoomodels.gumroad.com,5.00,False,False,,2,5.0,,9,31,3d/3d-assets/avatar-components/hair
https://flormoomodels.gumroad.com/l/NovaScientistDress,fzpdh,Novabeast Chic Science Dress,Flormoo,https://flormoomodels.gumroad.com,10.00,False,True,48,3,5.0,16.00,9,30,3d/3d-assets/clothing/dresses
https://flormoomodels.gumroad.com/l/OttarooHarness,vwgeu,Ottaroo Harness,Flormoo,https://flormoomodels.gumroad.com,8.00,False,True,15,3,5.0,5.00,9,30,3d/3d-assets/accessories/harnesses
https://fluffyzarkus.gumroad.com/l/bodysuit,ekryw,Bodysuit for Novabeast,FluffyZarkus,https://fluffyzarkus.gumroad.com,5.00,False,False,,4,5.0,,3,10,3d/3d-assets/clothing/bodysuits
https://fluffyzarkus.gumroad.com/l/plague,bvxvj,Plague Doctor Mask for the Novabeast,FluffyZarkus,https://fluffyzarkus.gumroad.com,5.00,False,False,,2,5.0,,3,12,3d/3d-assets/accessories/masks
https://foolystuffz.gumroad.com/l/HeartPocketJeans,byyic,❥-┊ Heart Pocket Jeans ┊ Commercial Use,Fooly Stuffz⠀⠀⠀⠀⠀⠀,https://foolystuffz.gumroad.com,9.00,False,False,,0,0.0,,26,68,3d/3d-assets/clothing/bottoms
https://foolystuffz.gumroad.com/l/kittymask,wjymi,❥-┊ Kitty Mask ┊ Commercial Use,Fooly Stuffz⠀⠀⠀⠀⠀⠀,https://foolystuffz.gumroad.com,6.00,False,False,,0,0.0,,26,68,3d/3d-assets/accessories/masks
https://formularats.gumroad.com/l/uasxo,uasxo,All-In-One Collar (11 charms/tags/leash options!),FormulaRats,https://formularats.gumroad.com,4.00,False,False,,4,5.0,,52,1549,3d/3d-assets/accessories
https://foxipaws.gumroad.com/l/Calypso,vcgdn,Calypso Shark  - Aquatic Dragon Furry Hybrid Vrchat Facetracking 3.0 (PC + QUEST + Good Rank),FoxiPaws,https://foxipaws.gumroad.com,35.00,False,False,,133,5.0,,37,11202,3d
https://foxipaws.gumroad.com/l/Celeste,deskii,Celeste Dragon - Furry Vrchat Avatar PC + QUEST Facetracking,FoxiPaws,https://foxipaws.gumroad.com,35.00,False,False,,263,5.0,,37,11072,3d
https://foxipaws.gumroad.com/l/Dantee,aabrr,Dante Canine/Wolf  (PC+QUEST) Facetracking + Good Rank Furry,FoxiPaws,https://foxipaws.gumroad.com,35.00,False,False,,549,5.0,,37,10786,3d
https://foxipaws.gumroad.com/l/Elliot,symzu,Elliot Deer/Goat/Ram Furry Vrchat 3.0 (PC + QUEST FACETRACKING) ,FoxiPaws,https://foxipaws.gumroad.com,35.00,False,False,,144,5.0,,37,11191,3d
https://foxipaws.gumroad.com/l/Nebula2,iqqfh,Nebula the Foxigen - Vrchat Furry Avatar - Facetracking - PC + QUEST,FoxiPaws,https://foxipaws.gumroad.com,35.00,False,False,,363,5.0,,37,10972,3d
https://foxipaws.gumroad.com/l/Nyx,ttjdim,Nyx the Snow Leopard Kitty Cat  - Furry Vrchat Avatar (PC + QUEST + FACETRACKING),FoxiPaws,https://foxipaws.gumroad.com,35.00,False,False,,259,5.0,,37,11076,3d
https://foxipaws.gumroad.com/l/Roxy,pcfcao,Roxy Puppy Dog Pom - Furry Vrchat Avatar (PC + QUEST + FACETRACKING) ,FoxiPaws,https://foxipaws.gumroad.com,35.00,False,False,,173,5.0,,37,11162,3d
https://fromhispresence.gumroad.com/l/XFRmw,XFRmw,Monthly Partnership with Jamie,Jamie Rohrbaugh,https://fromhispresence.gumroad.com,0.00,True,False,,38,4.7,,171,1447,audio
https://frostywuff.gumroad.com/l/kvvstg,kvvstg,Casual Outfit for Novabeast (V1 - V1.2 compatible) ,Frosty,https://frostywuff.gumroad.com,15.00,False,False,,7,5.0,,18,218,3d/3d-assets/clothing
https://fuchsundvogel.gumroad.com/l/zORJ,zORJ,FuV CanvasSize,Fuchs & Vogel,https://fuchsundvogel.gumroad.com,12.00,False,False,,42,4.7,,8,25,3d/3d-assets/cinema-4d
https://furbo.gumroad.com/l/dovvnv,dovvnv,FυɾႦσ'ʂ Mҽʂʂყ Ⴆυɳ ʂƚყʅҽ // VRCԋαƚ // Aʋαƚαɾ αƈƈҽʂʂσɾყ,Furbo_,https://furbo.gumroad.com,10.00,False,False,,7,5.0,,6,97,3d/3d-assets/accessories
https://fuzzbooth.gumroad.com/l/blackcollar,eohsa,Black Collar 3D Model,Fuzzbooth,https://fuzzbooth.gumroad.com,3.99,False,False,,0,0.0,,,,3d/3d-assets/accessories/chokers
https://gabe1resells.gumroad.com/l/vpnmg,vpnmg,WATCH BELT JEWELEY VENDOR,Gabe,https://gabe1resells.gumroad.com,10.99,False,False,,0,0.0,,,,3d/3d-assets/accessories/jewelry
https://gamma22.gumroad.com/l/diamond,hgfhg,Diamond Round Cut 3D model,ArchViz Assets - Gamma 2.2,https://gamma22.gumroad.com,5.00,False,False,,0,0.0,,8,83,3d/3d-assets/accessories/jewelry
https://gell3d.gumroad.com/l/LongHair2,gjioh,Hair (#1) Long Female - VRChat Asset,Gell3D,https://gell3d.gumroad.com,10.00,False,False,,3,3.0,,57,397,3d/3d-assets/avatar-components/hair
https://gell3d.gumroad.com/l/TailShark,hcqiqh,Tail (#1) Shark - VRChat Asset,Gell3D,https://gell3d.gumroad.com,12.00,False,False,,9,4.9,,57,391,3d/3d-assets/avatar-components/tails
https://gell3d.gumroad.com/l/angelwing1,jqbgn,Wings (#4) Angel - VRChat Asset,Gell3D,https://gell3d.gumroad.com,8.00,False,False,,0,0.0,,58,400,3d/3d-assets/accessories/wings
https://gell3d.gumroad.com/l/byaqia,byaqia,Ears (#5) Wolf Fluffy - VRChat Asset,Gell3D,https://gell3d.gumroad.com,10.00,False,False,,5,5.0,,57,395,3d/3d-assets/avatar-components/ears
https://gell3d.gumroad.com/l/ears1,gzosd,Ears (#1) Fox - VRChat Asset,Gell3D,https://gell3d.gumroad.com,8.00,False,False,,3,5.0,,57,397,3d/3d-assets/avatar-components/ears
https://gell3d.gumroad.com/l/ears3piercing,raadw,Ears (#3) Piercings - VRChat Asset - Commercial Use,Gell3D,https://gell3d.gumroad.com,9.00,False,False,,0,0.0,,58,400,3d/3d-assets/avatar-components/ears
https://gell3d.gumroad.com/l/ears4,ngzti,Ears (#4) FREE - Commercial Use - VRChat Asset,Gell3D,https://gell3d.gumroad.com,0.00,True,False,,77,5.0,,57,323,3d/3d-assets/avatar-components/ears
https://gell3d.gumroad.com/l/ears7,hdopns,Ears (#7) Fennec - VRChat Asset,Gell3D,https://gell3d.gumroad.com,9.00,False,False,,0,0.0,,58,400,3d/3d-assets/avatar-components/ears
https://gell3d.gumroad.com/l/ears8piercings,mswsc,Ears (#8) Fluffy Piercings - VRChat Asset,Gell3D,https://gell3d.gumroad.com,10.00,False,False,,1,5.0,,57,399,3d/3d-assets/avatar-components/ears
https://gell3d.gumroad.com/l/earsdog,dwgnm,Ears (#9) Fluffy Puppy Dog - VRChat Asset,Gell3D,https://gell3d.gumroad.com,10.00,False,False,,0,0.0,,58,400,3d/3d-assets/avatar-components/ears
https://gell3d.gumroad.com/l/hairanime,inwka,Hair (#7) Long Anime - VRChat Asset,Gell3D,https://gell3d.gumroad.com,12.00,False,False,,0,0.0,,58,400,3d/3d-assets/avatar-components/hair
https://gell3d.gumroad.com/l/longears,tkhsy,Ears (#10) Long Fluffy - Puppy Dog - Bunny Rabbit - VRChat Asset,Gell3D,https://gell3d.gumroad.com,10.00,False,False,,0,0.0,,58,400,3d/3d-assets/avatar-components/ears
https://gell3d.gumroad.com/l/tail2,ggxzk,Tail (#2) Dragon - VRChat Asset,Gell3D,https://gell3d.gumroad.com,12.00,False,False,,4,4.0,,57,396,3d/3d-assets/avatar-components/tails
https://gell3d.gumroad.com/l/tailcat,gvmjol,Tail (#7) Cat Fluffy Ribbon- VRChat Asset,Gell3D,https://gell3d.gumroad.com,12.00,False,False,,3,4.7,,57,397,3d/3d-assets/avatar-components/tails
https://gell3d.gumroad.com/l/wings5,hybhbg,Wings (#5) Angel Ribbon Bow - VRChat Asset,Gell3D,https://gell3d.gumroad.com,10.00,False,False,,0,0.0,,58,400,3d/3d-assets/accessories/wings
https://geoimgr.gumroad.com/l/geoimgr,TdVwG,GeoImgr Pro Subscription,GeoImgr,https://geoimgr.gumroad.com,0.00,True,False,,184,4.8,,,,3d/3d-assets/3ds-max
https://ghostly.gumroad.com/l/dxtyta,dxtyta,Ghostly Female Hair Pack [Creator Kit],GHOSTLY,https://ghostly.gumroad.com,10.00,False,False,,13,4.8,,39,2317,3d/3d-assets/avatar-components/hair
https://gingermints.gumroad.com/l/uvyfvo,uvyfvo,Rope Sweat Pants for NovaBeast and Mayu,Gingermints,https://gingermints.gumroad.com,10.00,False,False,,0,0.0,,3,11,3d/3d-assets/clothing
https://glitchychl.gumroad.com/l/asuka,niska,Deira Latex Evangelion Plugsuit,Glitchyෆ,https://glitchychl.gumroad.com,10.00,False,False,,3,4.3,,21,70,3d/3d-assets/clothing/bodysuits
https://glitchychl.gumroad.com/l/cyupi,hercr,Novabeast Casual Fit,Glitchyෆ,https://glitchychl.gumroad.com,12.00,False,True,126,5,4.2,25.20,21,68,3d/3d-assets/clothing/jackets
https://gloria3d.gumroad.com/l/HighFantasyElf,ynyzi,High fantasy Elf Dress,Gloria 3D,https://gloria3d.gumroad.com,7.00,False,False,,17,4.6,,,,3d/3d-assets/clothing/dresses
https://gloria3d.gumroad.com/l/yvkxv,yvkxv,Star Night - Celestial Gown Dress for Vrchat,Gloria 3D,https://gloria3d.gumroad.com,7.00,False,False,,1,5.0,,3,22,3d/3d-assets/clothing/dresses
https://glukoz.gumroad.com/l/uvpackmaster,wahhm,UVPackmaster PRO for Blender (latest),glukoz (3Coords),https://glukoz.gumroad.com,0.00,True,False,,334,5.0,,2,64,3d
https://glukoz.gumroad.com/l/uvpackmaster-maya,xktiei,UVPackmaster PRO for Maya (latest),glukoz (3Coords),https://glukoz.gumroad.com,0.00,True,False,,12,5.0,,2,386,3d/3d-assets
https://godsmessagenow.gumroad.com/l/fpeatj,fpeatj,The Christ Fellowship – Support the Ministry,God's Message Joy,https://godsmessagenow.gumroad.com,0.00,True,False,,4,5.0,,3,21,3d/3d-assets/3ds-max
https://gracielangraw.gumroad.com/l/jgwul,jgwul,Rainbow of Raw:  110+ Raw Vegan Recipes,Grace Lang,https://gracielangraw.gumroad.com,45.99,False,False,,15,4.9,,,,3d
https://grafitcubeschool.gumroad.com/l/blender25d,yawse,Insane 2.5D Blender – Early Access – 7 Chapters with 40% OFF – Code EARLY70,Grafit Cube School,https://grafitcubeschool.gumroad.com,280.00,False,False,,31,4.6,,4,21,3d
https://grisha.gumroad.com/l/IsVqN,IsVqN,Marka Pro,Gregory M,https://grisha.gumroad.com,36.00,False,False,,13,4.8,,,,3d
https://gtafivemcustoms.gumroad.com/l/drvaqr,drvaqr,FREE 3D Chain Releases GTA Five M ,Gary,https://gtafivemcustoms.gumroad.com,0.00,True,True,1418,1,5.0,1418.00,,,3d/3d-assets/accessories/wings
https://gtafivemcustoms.gumroad.com/l/kncizo,kncizo,Chain Template Asset Pack Vol.1  - GTA FiveM ,Gary,https://gtafivemcustoms.gumroad.com,65.00,False,False,,0,0.0,,,,3d/3d-assets/accessories/jewelry
https://guardianuk.gumroad.com/l/version,rebiyq,Vision Box Pro | All-in-One Access Hub,UK Guardian,https://guardianuk.gumroad.com,0.00,True,False,,0,0.0,,,,3d/3d-assets/accessories/wings
https://gunnos.gumroad.com/l/taktikalbakpak,ggjgc,Universal Taktikal Bakpak,GunnOS,https://gunnos.gumroad.com,10.00,False,False,,11,4.2,,,,3d/3d-assets/accessories
https://hanmen.gumroad.com/l/gfxdev,jdycp,Graphics Plugin Full v2.8.0,Hanmen,https://hanmen.gumroad.com,0.00,True,True,389,58,4.5,6.71,26,2179,3d
https://hanmen.gumroad.com/l/nxgs5,cdxely,Next-Gen Shaders V5 for Honey Select 2 (FLASH SALE),Hanmen,https://hanmen.gumroad.com,10.99,False,False,,15,4.5,,26,2222,3d/3d-assets/3ds-max
https://harusautosalon.gumroad.com/l/Lowgt,cuhtw,Low GT wing,HarusAutoSalon,https://harusautosalon.gumroad.com,5.00,False,False,,0,0.0,,12,23,3d/3d-assets/accessories/wings
https://harusautosalon.gumroad.com/l/latch,hnwrj,Universal trunk latch,HarusAutoSalon,https://harusautosalon.gumroad.com,4.00,False,False,,0,0.0,,12,23,3d/3d-assets/accessories/wings
https://heartmarksman.gumroad.com/l/Indigo_by_Heartmarksman,awsxwt,Indigo | Female/Femboy | PC + Quest + Opti | VRCFT & VRCFury,Heartmarksman,https://heartmarksman.gumroad.com,35.00,False,False,,25,5.0,,100,2947,3d
https://heartmarksman.gumroad.com/l/Keiko_by_Heartmarksman,wrgnk,Keiko | Female/Femboy | PC + Opti + Quest | VRCFT & VRCFury,Heartmarksman,https://heartmarksman.gumroad.com,35.00,False,False,,12,5.0,,100,2960,3d
https://heartmarksman.gumroad.com/l/Marik_by_Heartmarksman,zuvneh,Marik | Male | PC + Quest + Opti | VRCFT & VRCFury,Heartmarksman,https://heartmarksman.gumroad.com,35.00,False,False,,21,5.0,,100,2951,3d
https://heartmarksman.gumroad.com/l/Nagir_by_Heartmarksman,xethc,Nagir | Female | PC + Opti + Quest | VRCFT & VRCFury,Heartmarksman,https://heartmarksman.gumroad.com,35.00,False,False,,25,5.0,,100,2947,3d
https://heartmarksman.gumroad.com/l/Supra_by_Heartmarksman,tqatpq,Supra | Female/Femboy | PC + Quest + Opti | VRCFT & VRCFury,Heartmarksman,https://heartmarksman.gumroad.com,35.00,False,False,,22,5.0,,100,2950,3d
https://heartmarksman.gumroad.com/l/Yuzuki_by_Heartmarksman,lqsgmz,Yuzuki | Female | PC + Quest + Opti | VRCFT & VRCFury,Heartmarksman,https://heartmarksman.gumroad.com,35.00,False,False,,11,5.0,,100,2961,3d
https://hebecreepys.gumroad.com/l/DevilHorns,ycprfs,Avatar asset Devil horns + headband,HebeCreepys,https://hebecreepys.gumroad.com,5.00,False,False,,0,0.0,,,,3d/3d-assets/avatar-components/horns
https://hecspeaks.gumroad.com/l/BlowUp,hvfya,How to Make Money with YouTube Shorts Reactions,Hec Speaks,https://hecspeaks.gumroad.com,100.00,False,False,,38,4.8,,,,3d/3d-assets/3ds-max
https://hellhound666.gumroad.com/l/hellbun,lglpn,.HELBUN,Hellhound,https://hellhound666.gumroad.com,8.00,False,False,,3,4.0,,3,13,3d/3d-assets/avatar-components/ears
https://hellhound666.gumroad.com/l/houndears,orfsr,[HOUND EARS] by HELLHOUND,Hellhound,https://hellhound666.gumroad.com,8.00,False,False,,8,4.6,,,,3d/3d-assets/avatar-components/ears
https://herzawg.gumroad.com/l/megapack,xecmzk,Mega Pack: 7-in-1 Recipes Bundle,Herzawg,https://herzawg.gumroad.com,19.99,False,False,,33,4.8,,12,136,photography
https://hirabiki.gumroad.com/l/rpnel,rpnel,VRCLens: VRChat Camera Extension for Desktop and VR,Hirabiki,https://hirabiki.gumroad.com,10.00,False,False,,347,5.0,,,,3d/3d-assets
https://hmanbdude.gumroad.com/l/djjbt,djjbt,HmanBdude's Dragon Necklace!,HmanBdude,https://hmanbdude.gumroad.com,5.00,False,True,4,0,0.0,,2,12,3d/3d-assets/accessories/jewelry
https://holoexe.gumroad.com/l/arix,jpaqie,Ari [FT | PC],HoloExe,https://holoexe.gumroad.com,5.00,False,False,,156,5.0,,108,1702,3d
https://honor1.gumroad.com/l/ikqfq,ikqfq,Pirate Captain Hat – VRChat 3D Accessory,Honor,https://honor1.gumroad.com,0.00,True,False,,0,0.0,,15,23,3d/3d-assets/accessories
https://housevr.gumroad.com/l/vscpk,vscpk,005 · . ☽ G4rk Nails,Hxuse,https://housevr.gumroad.com,8.00,False,False,,2,5.0,,10,28,3d/3d-assets/accessories/gloves
https://hunnybunnyvr.gumroad.com/l/cherryblossomaccessories,plvkdk,Cherry Blossom Accessories - VRChat Asset,HunnyBunnyVR,https://hunnybunnyvr.gumroad.com,27.00,False,False,,1,5.0,,2,20,3d/3d-assets/accessories/jewelry
https://hyacinthvr.gumroad.com/l/jlazm,jlazm,Butterfly Face Accessory ୭ - FREE,hyacinth,https://hyacinthvr.gumroad.com,0.00,True,False,,7,5.0,,6,79,3d/3d-assets/accessories/masks
https://iamsoules.gumroad.com/l/qrudud,qrudud,Delphy Kobo Latex Outfit,iamSoules,https://iamsoules.gumroad.com,5.00,False,False,,0,0.0,,,,3d/3d-assets/clothing/bodysuits
https://icudoctor.gumroad.com/l/sblhe,sblhe,ICU Pocket Notes ,TheICUDoctor,https://icudoctor.gumroad.com,50.00,False,True,4578,42,5.0,109.00,,,3d/3d-assets/3ds-max
https://icudoctor.gumroad.com/l/ykjje,ykjje,ICU Pocket Notes + THICCU Imaging Guide ,TheICUDoctor,https://icudoctor.gumroad.com,68.00,False,True,1320,0,0.0,,4,49,3d/3d-assets/3ds-max
https://icurlycae.gumroad.com/l/OMElite,yigcb,OPTIONS MADE EASY: ELITE,ICurlyCae,https://icurlycae.gumroad.com,99.25,False,False,,2,5.0,,,,3d
https://icyvarix.gumroad.com/l/floppyhorns,pfrgo,Floppy Horns,Icyvarix,https://icyvarix.gumroad.com,4.00,False,False,,2,5.0,,10,45,3d/3d-assets/avatar-components/horns
https://icyvarix.gumroad.com/l/pooltoynovabeast,pllmzy,Pooltoy Novabeast Pack,Icyvarix,https://icyvarix.gumroad.com,15.00,False,False,,11,5.0,,10,36,3d/3d-assets/accessories
https://idbi.gumroad.com/l/CocktailDress,mnfuy,Cocktail Dress,IdbI,https://idbi.gumroad.com,12.00,False,False,,5,5.0,,55,548,3d/3d-assets/clothing/dresses
https://idbi.gumroad.com/l/DevilHorns,wsbih,Nitro Freebie - Devil Horns,IdbI,https://idbi.gumroad.com,7.00,False,False,,0,0.0,,56,553,3d/3d-assets/avatar-components/horns
https://idbi.gumroad.com/l/DireWolf,ksrpcx,DireWolf Remains,IdbI,https://idbi.gumroad.com,5.00,False,False,,2,5.0,,55,551,3d/3d-assets/accessories/masks
https://idbi.gumroad.com/l/HandJewelry,lfgpt,Hand Jewelry,IdbI,https://idbi.gumroad.com,5.00,False,False,,2,5.0,,55,551,3d/3d-assets/accessories/jewelry
https://idbi.gumroad.com/l/NightGown,rkhkx,Discord Freebie - Night Gown (Fitted + Weightpanted RP),IdbI,https://idbi.gumroad.com,5.00,False,False,,5,5.0,,55,548,3d/3d-assets/clothing/dresses
https://idbi.gumroad.com/l/WolfMuzzle,avsjv,Wolf Muzzle,IdbI,https://idbi.gumroad.com,7.00,False,False,,1,5.0,,55,552,3d/3d-assets/accessories/masks
https://inkblitz.gumroad.com/l/antlers,cumqc,Eastern Dragon Antlers,Inked Creations,https://inkblitz.gumroad.com,0.00,True,False,,4,5.0,,32,131,3d/3d-assets/avatar-components/horns
https://inkblitz.gumroad.com/l/avaliaccess,yfyyi,Accessories Set - Spiri'Vali,Inked Creations,https://inkblitz.gumroad.com,12.00,False,False,,4,5.0,,32,131,3d/3d-assets/accessories
https://inkblitz.gumroad.com/l/charmer,eyugqg,Snake Charmer (Dancer Outfit),Inked Creations,https://inkblitz.gumroad.com,16.00,False,False,,0,0.0,,33,135,3d/3d-assets/clothing
https://inkblitz.gumroad.com/l/dreammask,qnhkc,Dreamer Sleep Mask,Inked Creations,https://inkblitz.gumroad.com,6.00,False,False,,1,5.0,,32,134,3d/3d-assets/accessories/masks
https://inkblitz.gumroad.com/l/graphex,edbwzr,"Graphex Set (Hoodie, Pants, T-shirt, Paint Can)",Inked Creations,https://inkblitz.gumroad.com,14.00,False,False,,5,4.2,,32,130,3d/3d-assets/clothing
https://inkblitz.gumroad.com/l/nxtset,fzsxxx,"NXT Clothing Set ('Ultra' tech themed clothes, Multi av support)",Inked Creations,https://inkblitz.gumroad.com,16.00,False,False,,2,5.0,,32,133,3d/3d-assets
https://inkblitz.gumroad.com/l/omnicollar,ivvphv,Omni Rave Collar (Fits Most* Avatars),Inked Creations,https://inkblitz.gumroad.com,8.00,False,False,,0,0.0,,33,135,3d/3d-assets/accessories/chokers
https://inkblitz.gumroad.com/l/parker,qpueze,Parker Set (Dapper suit and serving tray),Inked Creations,https://inkblitz.gumroad.com,16.00,False,False,,0,0.0,,33,135,3d/3d-assets/clothing
https://inkblitz.gumroad.com/l/pathnard,iciug,Pathfinder Tech Set (Nardoragon),Inked Creations,https://inkblitz.gumroad.com,15.00,False,False,,0,0.0,,33,135,3d/3d-assets/clothing
https://inkblitz.gumroad.com/l/quadtra,twaztv,"Quadtra 64 DigiScarf Set (Ultra themed scarf, bands)",Inked Creations,https://inkblitz.gumroad.com,12.00,False,False,,0,0.0,,33,135,3d/3d-assets/accessories
https://inkblitz.gumroad.com/l/ultralight,rwslq,Ultra GlowLight (Furality Ultra Themed Glowlight Set),Inked Creations,https://inkblitz.gumroad.com,8.00,False,False,,4,5.0,,32,131,3d/3d-assets/accessories
https://inkybeans.gumroad.com/l/dragonswishhorns,fzalj,Dragon's Wish Horns,InkyBeans,https://inkybeans.gumroad.com,5.00,False,False,,0,0.0,,7,20,3d/3d-assets/avatar-components/horns
https://invertedzach.gumroad.com/l/qubvp,qubvp,Soundbyte Tail Bag,Inverted Zach,https://invertedzach.gumroad.com,6.00,False,True,13,0,0.0,,4,20,3d/3d-assets/accessories/bags
https://iranzye.gumroad.com/l/stellar,umnkg,STELLAR,IRANZY,https://iranzye.gumroad.com,0.00,True,False,,28,5.0,,,,fiction-books
https://itsrinzy.gumroad.com/l/mhalpt,mhalpt,Earring bundle,Rule The World,https://itsrinzy.gumroad.com,2.00,False,True,85,11,5.0,7.73,22,414,3d/3d-assets/accessories/jewelry
https://itsroshi.gumroad.com/l/ComfyHoodie,twnkwx,Comfy Male Hoodie ,Roshi's Warehouse,https://itsroshi.gumroad.com,4.99,False,True,378,7,5.0,54.00,7,58,3d/3d-assets/clothing
https://ivri.gumroad.com/l/punkhair,hvfqbp,Punk Hair Regulus ( Weight Painting UPDATED ),Ivri ᶻ 𝘇 𐰁,https://ivri.gumroad.com,8.00,False,False,,28,4.6,,23,209,3d/3d-assets/avatar-components/hair
https://jaketuura.gumroad.com/l/tendonbook,zryydr,Tendon Book,Jacked Athlete,https://jaketuura.gumroad.com,47.00,False,False,,11,5.0,,5,116,3d/3d-assets/3ds-max
https://jamesthemuttz.gumroad.com/l/RaveMask,pbianr,RAVE Mask,JamesTheMuttz,https://jamesthemuttz.gumroad.com,9.99,False,True,25,0,0.0,,5,20,3d/3d-assets/accessories
https://javenchiart.gumroad.com/l/birdband,hqbxy,Customizeable Bird Band (PC/Quest),Javenchi,https://javenchiart.gumroad.com,8.00,False,False,,0,0.0,,8,259,3d/3d-assets/accessories
https://jemezu.gumroad.com/l/ebyyys,ebyyys,Pear Choker,JEMEZ,https://jemezu.gumroad.com,10.00,False,False,,0,0.0,,,,3d/3d-assets/accessories/chokers
https://jeromestephan.gumroad.com/l/TexToMatO,epqwcl,TexToMatO: C4D über texture importer,Jérôme Stephan,https://jeromestephan.gumroad.com,0.00,True,True,929,16,4.9,58.06,,,3d/3d-assets/cinema-4d
https://jingsketch.gumroad.com/l/JingsketchComplete,dDVWl,Jingsketch Procreate Brushes: Complete Collection v2.2,Jingsketch,https://jingsketch.gumroad.com,14.99,False,False,,3395,4.9,,14,13885,drawing-and-painting
https://jinxyuwu.gumroad.com/l/avalimaid,qgyjmn,Avali maid outfit V2 (MULTI species),ItsFloofy,https://jinxyuwu.gumroad.com,20.00,False,False,,8,4.6,,11,337,3d/3d-assets/clothing/dresses
https://johnguyen.gumroad.com/l/etsy,rmloif,Super Spy HeyEtsy.com Web Extension,YTuong.me,https://johnguyen.gumroad.com,0.00,True,False,,80,4.6,,17,94,3d
https://johnnathancordy.gumroad.com/l/helix,kgareo,Helix and HX Stomp General Presets,John Nathan Cordy,https://johnnathancordy.gumroad.com,5.00,False,False,,285,4.9,,14,343,music-and-sound-design
https://jorgenvrc.gumroad.com/l/DitteHead,xbyqhdm,Ditte Head [VRC FT],JorgenVRC,https://jorgenvrc.gumroad.com,25.00,False,False,,0,0.0,,76,870,3d/3d-assets/avatar-components/heads
https://jorgenvrc.gumroad.com/l/actbx,actbx,Maid Bunnysuit,JorgenVRC,https://jorgenvrc.gumroad.com,10.00,False,False,,0,0.0,,76,870,3d/3d-assets/clothing/bodysuits
https://jorgenvrc.gumroad.com/l/axfvl,axfvl,Avis Accessories,JorgenVRC,https://jorgenvrc.gumroad.com,10.00,False,False,,5,5.0,,75,865,3d/3d-assets/accessories/jewelry
https://jorgenvrc.gumroad.com/l/cqgji,cqgji,Aurelia Head,JorgenVRC,https://jorgenvrc.gumroad.com,25.00,False,False,,11,5.0,,75,859,3d/3d-assets/avatar-components/heads
https://jorgenvrc.gumroad.com/l/hhjmg,hhjmg,Phyllon Hair (+ accessory),JorgenVRC,https://jorgenvrc.gumroad.com,15.00,False,False,,6,5.0,,75,864,3d/3d-assets/avatar-components/hair
https://jorgenvrc.gumroad.com/l/mqlyo,mqlyo,Sapphire Dream Jewelry Set,JorgenVRC,https://jorgenvrc.gumroad.com,12.00,False,False,,6,5.0,,75,864,3d/3d-assets/accessories/jewelry
https://jorgenvrc.gumroad.com/l/oJHtV,oJHtV,Decorated Tails,JorgenVRC,https://jorgenvrc.gumroad.com,10.00,False,False,,345,5.0,,75,525,3d/3d-assets/avatar-components/tails
https://jorgenvrc.gumroad.com/l/xefgn,xefgn,MoonGlow Ponytail,JorgenVRC,https://jorgenvrc.gumroad.com,10.00,False,False,,5,5.0,,75,865,3d/3d-assets/avatar-components/hair
https://jorgenvrc.gumroad.com/l/zffeq,zffeq,Aimer le Blanc Dress,JorgenVRC,https://jorgenvrc.gumroad.com,15.00,False,False,,2,5.0,,75,868,3d/3d-assets/clothing/dresses
https://juliawinterpaw.gumroad.com/l/Feline,tjhbd,Winterpaw Feline ~ VRChat + VTuber,Julia Winterpaw,https://juliawinterpaw.gumroad.com,0.00,True,False,,118,4.9,,25,3769,3d
https://juliawinterpaw.gumroad.com/l/canine,uOWad,Winterpaw's VRChat and VTuber Masc Canine,Julia Winterpaw,https://juliawinterpaw.gumroad.com,0.00,True,False,,1366,5.0,,25,2521,3d
https://justper.gumroad.com/l/mageoutfit,lpqxcu,Mage Outfit for Rex!,Justper,https://justper.gumroad.com,20.00,False,False,,2,3.0,,18,54,3d/3d-assets/clothing
https://kaktak.gumroad.com/l/moconnections,aOnMv,MoConnections,KAKTAK,https://kaktak.gumroad.com,50.00,False,False,,9,5.0,,15,150,3d/3d-assets/cinema-4d
https://kankoda.gumroad.com/l/keyboardkitpro,tprxw,KeyboardKit Pro,Kankoda,https://kankoda.gumroad.com,0.00,True,False,,1,5.0,,,,3d
https://kasuallykhaotic.gumroad.com/l/pkwdqv,pkwdqv,StarKitty Set v2!,KasuallyKhaotic,https://kasuallykhaotic.gumroad.com,6.00,False,False,,0,0.0,,7,60,3d/3d-assets/avatar-components/ears
https://kasuallykhaotic.gumroad.com/l/uxpip,uxpip,Free Heart Locket Collar,KasuallyKhaotic,https://kasuallykhaotic.gumroad.com,0.00,True,True,336,21,5.0,16.00,6,39,3d/3d-assets/accessories/chokers
https://kazulie.gumroad.com/l/Lumistera_poncho_sweater,luqsed,Lumistera sweater poncho,Zulie,https://kazulie.gumroad.com,10.00,False,True,225,12,5.0,18.75,4,13,3d/3d-assets/clothing
https://keepmaking.gumroad.com/l/CADsketcher,rfoow,CAD Sketcher [ Blender Addon ],Keep Making,https://keepmaking.gumroad.com,0.00,True,False,,1314,4.8,,42,857,3d/3d-assets/blender
https://keepmaking.gumroad.com/l/PrecisionGears,ihdtd,Precision Gears  [ Addon ],Keep Making,https://keepmaking.gumroad.com,8.00,False,False,,115,4.6,,42,2056,3d/3d-assets/blender
https://keikowalf.gumroad.com/l/KeikoDavaliHarness,logajd,Da'Vali Furality Half Harness,Keiko Walf,https://keikowalf.gumroad.com,10.00,False,False,,3,4.7,,4,24,3d/3d-assets/accessories/harnesses
https://kero3d.gumroad.com/l/Hibiki,kamws,Hibiki - Cyberpunk Headphones - Rigged VRChat Accessory,Kero,https://kero3d.gumroad.com,6.99,False,False,,1,5.0,,5,24,3d/3d-assets/avatar-components/heads
https://kevmg17.gumroad.com/l/Comfy_Onesie_for_the_Minizear_and_Chibi_Mini_Novabeast,wjfbqp,Comfy Onesie for the Minizear and Chibi Mini Novabeast (+ A Shark Version!) (+ Furality a themed skin!),Kevmg17,https://kevmg17.gumroad.com,20.00,False,True,36,3,5.0,12.00,3,11,3d/3d-assets/clothing/bodysuits
https://kf1t.gumroad.com/l/SummertimeSkiierMayuMask,cjzoca,Summertime Skiier Mayu Mask,K-F1T,https://kf1t.gumroad.com,6.00,False,True,12,0,0.0,,4,14,3d/3d-assets/accessories/masks
https://kitsanfshops.gumroad.com/l/bhuvnx,bhuvnx,Elegant/Sleek Dress,Hoshi Market,https://kitsanfshops.gumroad.com,13.99,False,False,,0,0.0,,,,3d/3d-assets/clothing/dresses
https://kitsanfshops.gumroad.com/l/etgeyd,etgeyd,Gloves For Fennek Accessory,Hoshi Market,https://kitsanfshops.gumroad.com,8.26,False,False,,0,0.0,,,,3d/3d-assets/accessories/gloves
https://kitsanfshops.gumroad.com/l/fomld,fomld,Jacket for Fennek ,Hoshi Market,https://kitsanfshops.gumroad.com,10.99,False,False,,0,0.0,,,,3d/3d-assets/clothing/jackets
https://kittomatic.gumroad.com/l/Novabeast,mmemm,Novabeast [VRChat Avatar],Kittomatic,https://kittomatic.gumroad.com,35.00,False,False,,1396,4.9,,,,3d
https://kittyz.gumroad.com/l/Jira,xszgm,JIRA - The KAIJU (VRCHAT/ PC/ Optimized/ QUEST/ FT),Ｋｉｔｔｙｚ,https://kittyz.gumroad.com,15.00,False,False,,42,5.0,,47,2870,3d
https://kittyz.gumroad.com/l/LuciusHair,iquju,Lucius's Hair - 3 STYLES AVAILABLE !! (COMMERCIAL LICENSE),Ｋｉｔｔｙｚ,https://kittyz.gumroad.com,8.00,False,False,,15,5.0,,47,2898,3d/3d-assets/avatar-components/hair
https://klumenbranz.gumroad.com/l/kivyg,kivyg,Simple Ring Pack: 1,Klumenbranz,https://klumenbranz.gumroad.com,3.00,False,False,,0,0.0,,,,3d/3d-assets/accessories/wings
https://kokoiau.gumroad.com/l/LLS01,sgslm,Lace Set 01,koko,https://kokoiau.gumroad.com,7.00,False,False,,3,5.0,,,,3d/3d-assets/clothing/bottoms
https://korvyn.gumroad.com/l/CreatureHarness,vhzipv,MoonFang - Detailed Leather Harness,Korvyn,https://korvyn.gumroad.com,15.00,False,False,,15,5.0,,5,12,3d/3d-assets/clothing
https://kreativekreates.gumroad.com/l/DuckyCollar,fuatj,Grabbable Ducky Collar | VRChat Asset | Quest Compatible | Public Files,Kreativedragonling,https://kreativekreates.gumroad.com,4.00,False,True,2,0,0.0,,,,3d/3d-assets/accessories/chokers
https://ksami.gumroad.com/l/QRemeshify,nhooq,QRemeshify,Ksami,https://ksami.gumroad.com,0.00,True,True,82843,371,4.9,223.30,,,3d/3d-assets/blender
https://kudalyn.gumroad.com/l/harness,sptvld,Kuda's Clothes - Harness,Kudalyn's Creations,https://kudalyn.gumroad.com,8.00,False,False,,10,5.0,,79,1255,3d/3d-assets/accessories/harnesses
https://kudalyn.gumroad.com/l/helperharness,fntba,Kuda's Clothes - Helper Harness,Kudalyn's Creations,https://kudalyn.gumroad.com,8.00,False,False,,7,5.0,,79,1258,3d/3d-assets/accessories/harnesses
https://kudalyn.gumroad.com/l/iaavn,iaavn,Kuda's Assets - Shark Tail,Kudalyn's Creations,https://kudalyn.gumroad.com,3.00,False,False,,19,5.0,,79,1246,3d/3d-assets/avatar-components/tails
https://kudalyn.gumroad.com/l/jlwoc,jlwoc,Kuda's Assets - Dolphin Tail,Kudalyn's Creations,https://kudalyn.gumroad.com,3.00,False,False,,2,5.0,,79,1263,3d/3d-assets/avatar-components/tails
https://kudalyn.gumroad.com/l/kGUSG,kGUSG,Kuda's Accessories - Pet Collar,Kudalyn's Creations,https://kudalyn.gumroad.com,6.00,False,False,,12,5.0,,79,1253,3d/3d-assets/accessories/chokers
https://kudalyn.gumroad.com/l/kuwings,sakkc,Kuda's Assets - Webbed Wings,Kudalyn's Creations,https://kudalyn.gumroad.com,12.00,False,False,,22,5.0,,79,1243,3d/3d-assets/accessories/wings
https://kudalyn.gumroad.com/l/lombrum,xfBnyM,Kuda's Cheribrum DLC - Lombrum,Kudalyn's Creations,https://kudalyn.gumroad.com,15.00,False,False,,3,5.0,,79,1262,3d/3d-assets/avatar-components/bases
https://kudalyn.gumroad.com/l/smolwings,lqyvb,Kuda's Assets - Small Feathered Wings,Kudalyn's Creations,https://kudalyn.gumroad.com,0.00,True,False,,6,5.0,,79,1259,3d/3d-assets/accessories/wings
https://kudalyn.gumroad.com/l/tAzH,tAzH,Kuda's Hair - Wild Pack (2026 Update),Kudalyn's Creations,https://kudalyn.gumroad.com,0.00,True,False,,34,4.7,,79,1231,3d/3d-assets/avatar-components/hair
https://kudalyn.gumroad.com/l/uwyhv,uwyhv,Kuda's Clothes - Sports Bra,Kudalyn's Creations,https://kudalyn.gumroad.com,8.00,False,False,,16,4.8,,79,1249,3d/3d-assets/clothing/bras
https://kudalyn.gumroad.com/l/vdzlw,vdzlw,Kuda's Clothes - Short Shorts,Kudalyn's Creations,https://kudalyn.gumroad.com,8.00,False,False,,23,4.8,,79,1242,3d/3d-assets/clothing/bottoms
https://kudalyn.gumroad.com/l/znjph,znjph,Kuda's Hooves DLC - Unicorn,Kudalyn's Creations,https://kudalyn.gumroad.com,15.00,False,False,,7,5.0,,79,1258,3d/3d-assets/avatar-components/bases
https://kudalyn.gumroad.com/l/zylvark,eudde,Kuda's Sylvin DLC - Zylvark,Kudalyn's Creations,https://kudalyn.gumroad.com,15.00,False,False,,4,5.0,,79,1261,3d/3d-assets/avatar-components/bases
https://kylanjuhl.gumroad.com/l/ComercialTailBase,wshwev,Commercial Use Tail Base,Wildflower Creations,https://kylanjuhl.gumroad.com,5000.00,False,True,5,0,0.0,,32,37,3d/3d-assets/avatar-components/tails
https://kylanjuhl.gumroad.com/l/DinoTail,iyvlm,Dino Tail,Wildflower Creations,https://kylanjuhl.gumroad.com,5000.00,False,True,8,1,4.0,8.00,31,36,3d/3d-assets/avatar-components/tails
https://kylanjuhl.gumroad.com/l/FeatheredWings,aughoo,Big Feathered Wings,Wildflower Creations,https://kylanjuhl.gumroad.com,5000.00,False,True,6,0,0.0,,32,37,3d/3d-assets/avatar-components/tails
https://kylanjuhl.gumroad.com/l/LayeredFeatheredTail,ichzyw,Layered Feathered Tail,Wildflower Creations,https://kylanjuhl.gumroad.com,5000.00,False,True,2,0,0.0,,32,37,3d/3d-assets/avatar-components/tails
https://kylanjuhl.gumroad.com/l/MermaidFluffyTail,fdywbg,Mermaid Fluffy Tail,Wildflower Creations,https://kylanjuhl.gumroad.com,5000.00,False,True,6,1,5.0,6.00,31,36,3d/3d-assets/avatar-components/tails
https://kylanjuhl.gumroad.com/l/NightFuryTail,pzijea,Night Fury Tail,Wildflower Creations,https://kylanjuhl.gumroad.com,5000.00,False,True,8,1,5.0,8.00,31,36,3d/3d-assets/avatar-components/tails
https://laptya.gumroad.com/l/RoundGlassesM,mohop,Round Spring Glasses - Mayu,Laptya,https://laptya.gumroad.com,4.00,False,False,,6,5.0,,6,28,3d/3d-assets/accessories
https://leartesstudios.gumroad.com/l/supersummersonicunreal,cdedxu,Super Summersonic Limited-Time Mega Discounted Unreal Engine Bundle,Leartes Studios,https://leartesstudios.gumroad.com,199.99,False,False,,2,5.0,,248,851,3d/3d-assets
https://leluvfx.gumroad.com/l/air,iqonlf,Wind & Air Effects - GODOT,LeLu,https://leluvfx.gumroad.com,12.00,False,False,,0,0.0,,11,71,3d/3d-assets/accessories
https://leonidaltman.gumroad.com/l/light-wrangler-blender-addon,ffstxw,Light Wrangler: Best Blender Lighting Add-On,Leonid Altman,https://leonidaltman.gumroad.com,29.00,False,True,715,50,5.0,14.30,4,78,3d/3d-assets/blender
https://lexvii.gumroad.com/l/RaruhTailLight,bvcqs,Raruh Tail Light,lexvi,https://lexvii.gumroad.com,10.00,False,True,71,6,5.0,11.83,15,101,3d/3d-assets/avatar-components/tails
https://lexvii.gumroad.com/l/RunaTailLight,ubbcx,Runa Tail Light,lexvi,https://lexvii.gumroad.com,10.00,False,True,43,2,5.0,21.50,15,105,3d/3d-assets/avatar-components/tails
https://lfodesign.gumroad.com/l/materials,uyksei,Ultimate Procedural Material Library for C4D / Redshift,LFOdesign,https://lfodesign.gumroad.com,99.00,False,False,,58,5.0,,14,391,3d/3d-assets/cinema-4d
https://lfodesign.gumroad.com/l/tools2026,yrenpr,Free Procedural Selection Tools for Cinema 4D & Redshift 2026,LFOdesign,https://lfodesign.gumroad.com,0.00,True,False,,4,5.0,,14,445,3d/3d-assets/cinema-4d
https://lightkit3d.gumroad.com/l/sxfvyx,sxfvyx,Ultimate Bundle — Get Everything in One Pack,Light Kit ®,https://lightkit3d.gumroad.com,79.00,False,False,,0,0.0,,7,11,3d/3d-assets/cinema-4d
https://liindy.gumroad.com/l/UltraSaber,mhcwgd,Ultra Photon Saber/Blade (VRCHAT + Quest),Liindy,https://liindy.gumroad.com,17.00,False,True,438,17,5.0,25.76,76,21406,3d
https://limit1997.gumroad.com/l/NexavaliHeadset,wifpy,Nexa'vali Scout Headset,Limit1997,https://limit1997.gumroad.com,10.00,False,True,11,0,0.0,,6,67,3d/3d-assets/avatar-components/heads
https://lindseyfox.gumroad.com/l/Backpack,lkdna,Simple Backpack (Masc Canine compatable),HEHOO,https://lindseyfox.gumroad.com,2.50,False,False,,0,0.0,,,,3d/3d-assets/accessories/bags
https://lizzy420.gumroad.com/l/noczkb,noczkb,Pumpkin Head,Lizzy420#6967,https://lizzy420.gumroad.com,1.00,False,False,,3,5.0,,3,56,3d/3d-assets/avatar-components/heads
https://loafevr.gumroad.com/l/croctail,kztzjz,Croc Tail - VR Avatar Asset,LoafeVR,https://loafevr.gumroad.com,5.00,False,True,34,3,5.0,11.33,19,232,3d/3d-assets/avatar-components/tails
https://logopackage.gumroad.com/l/logoPackageExpress3,qqnak,Logo Package Express 3.0,Logo Package,https://logopackage.gumroad.com,149.00,False,True,6074,113,4.9,53.75,8,258,design
https://lolachang.gumroad.com/l/viatnl,viatnl,Dante's Letterman Ryan Gosling jacket retexture,LOLa_Chang,https://lolachang.gumroad.com,5.00,False,False,,0,0.0,,,,3d/3d-assets/accessories/wings
https://lunararray.gumroad.com/l/Goobastera,eucfet,Goobastera Base-Edit (Lumistera Original Model),LunarArray,https://lunararray.gumroad.com,25.00,False,True,1621,35,5.0,46.31,63,733,3d
https://luvvisuals.gumroad.com/l/LUTPACK,yqsqm,FILM LUTS V1,LUVVISUALS,https://luvvisuals.gumroad.com,29.00,False,True,3628,35,4.1,103.66,,,films
https://luxaeterna.gumroad.com/l/yqmtxy,yqmtxy,VRChat Keyblade Project,Lux Aeterna,https://luxaeterna.gumroad.com,7.00,False,True,65,2,5.0,32.50,15,253,3d/3d-assets/accessories
https://m0m0vr.gumroad.com/l/serpent,qzcbl,SERPENT [Nails],M0M0,https://m0m0vr.gumroad.com,6.00,False,False,,0,0.0,,5,48,3d/3d-assets/accessories/jewelry
https://machin3.gumroad.com/l/MACHIN3tools,IjsAf,[Addon]MACHIN3tools,machin3,https://machin3.gumroad.com,0.00,True,False,,4052,4.9,,4,965,3d
https://madevillemon.gumroad.com/l/trqpa,trqpa,Metal Skull Ring – Low-Poly 3D Model || Personal & Commercial Use,MadEvil Lemon,https://madevillemon.gumroad.com,2.00,False,False,,2,5.0,,8,26,3d/3d-assets/accessories/jewelry
https://mangabrush.gumroad.com/l/mangamegapack1,rXMn,"MANGA MEGAPACK ✦ 3000+ Anime-Style Brushes ✦ Full Set for Photoshop, Clip Studio Paint & Procreate!",MANGA BRUSH,https://mangabrush.gumroad.com,0.00,True,False,,24,4.9,,24,189,comics-and-graphic-novels
https://manicporcupine.gumroad.com/l/cbfnyr,cbfnyr,Nano Pro 2.0: The universal Cinema 4d AI agent. ,Dani Zaitcev,https://manicporcupine.gumroad.com,10.00,False,False,,2,4.5,,3,10,3d/3d-assets/cinema-4d
https://marcelsigl.gumroad.com/l/xhzsil,xhzsil,Fluffy Tail ,MarcelOwO,https://marcelsigl.gumroad.com,5.00,False,True,27,0,0.0,,,,3d/3d-assets/avatar-components/tails
https://markcreator.gumroad.com/l/Polytool,hsseod,Polytool,Markcreator,https://markcreator.gumroad.com,0.00,True,False,,451,4.7,,6,162,3d
https://marseilleobj.gumroad.com/l/Pendant,xtaxu,Dungeons & Dragons Aventurer's Pendant,M A R S E I L L E,https://marseilleobj.gumroad.com,35.00,False,True,4,1,5.0,4.00,,,3d/3d-assets/accessories/jewelry
https://mbitiukov.gumroad.com/l/chhcx,chhcx,Procedural Flower in Cinema 4D [C4D/Xpresso],Max Bitiukov | MoGraph Shop,https://mbitiukov.gumroad.com,36.00,False,False,,1,5.0,,27,174,3d/3d-assets/cinema-4d
https://mbitiukov.gumroad.com/l/iocbu,iocbu,Motherboard Builder Kit [Cinema4D/FBX],Max Bitiukov | MoGraph Shop,https://mbitiukov.gumroad.com,24.00,False,False,,9,4.6,,27,166,3d/3d-assets/cinema-4d
https://mbitiukov.gumroad.com/l/mgotcj,mgotcj,Earth Builder Kit [Cinema4d/Xpresso],Max Bitiukov | MoGraph Shop,https://mbitiukov.gumroad.com,18.00,False,False,,12,4.8,,27,163,3d/3d-assets/cinema-4d
https://mbitiukov.gumroad.com/l/rlckh,rlckh,Procedural Book in Cinema 4D [C4D/Xpresso],Max Bitiukov | MoGraph Shop,https://mbitiukov.gumroad.com,34.00,False,False,,6,5.0,,27,169,3d/3d-assets/cinema-4d
https://mbitiukov.gumroad.com/l/waavih,waavih,Сity Street Builder Kit [C4D/Xpresso/Redshift],Max Bitiukov | MoGraph Shop,https://mbitiukov.gumroad.com,22.00,False,False,,0,0.0,,28,175,3d/3d-assets/cinema-4d
https://mbitiukov.gumroad.com/l/xfile,xfile,Rigged Hand in Cinema 4D [C4D/Xpresso],Max Bitiukov | MoGraph Shop,https://mbitiukov.gumroad.com,30.00,False,False,,3,4.3,,27,172,3d/3d-assets/cinema-4d
https://mbitiukov.gumroad.com/l/ysisg,lsists,Infrastructure 3D HUD Pack [Cinema4D/Xpresso],Max Bitiukov | MoGraph Shop,https://mbitiukov.gumroad.com,24.00,False,False,,3,5.0,,27,172,3d/3d-assets/cinema-4d
https://mehdivrc.gumroad.com/l/cybermask,sqtrzb,Cyber Mask,MEHDI,https://mehdivrc.gumroad.com,5.00,False,False,,5,5.0,,14,97,3d/3d-assets/accessories/masks
https://meowiie.gumroad.com/l/Umbra,kzkkhp,Umbra | Deira | VRChat Avatar,Kainet & Meowiie,https://meowiie.gumroad.com,45.00,False,False,,18,5.0,,6,165,3d
https://merk.gumroad.com/l/c4dplugins,MlOKOS,All Plugins Pack [Save $500],Merk,https://merk.gumroad.com,550.00,False,False,,18,4.8,,16,716,3d/3d-assets/cinema-4d
https://merk.gumroad.com/l/topowire,tpnhv,Topowire 1.3 [C4D Version: R15 - 2026],Merk,https://merk.gumroad.com,49.99,False,False,,55,4.8,,16,679,3d/3d-assets/cinema-4d
https://meshbestia.gumroad.com/l/DreamyWings,oduvl,Somna Inspired Dreamy Wings [Vrchat Asset],Mesh Bestia,https://meshbestia.gumroad.com,5.00,False,False,,7,5.0,,13,43,3d/3d-assets/accessories/wings
https://meshbestia.gumroad.com/l/astrocosmicwings,mfpuj,Astro Cosmic Wing&Tail Set,Mesh Bestia,https://meshbestia.gumroad.com,7.00,False,False,,7,4.7,,13,43,3d/3d-assets/accessories/wings
https://meshbestia.gumroad.com/l/beetlehorntail,wnyqx,Beetle Horn Tail [VRchat],Mesh Bestia,https://meshbestia.gumroad.com,10.00,False,False,,0,0.0,,14,50,3d/3d-assets/avatar-components/tails
https://meshbestia.gumroad.com/l/caterpillartail,fbytc,Caterpillar Tail [VRchat],Mesh Bestia,https://meshbestia.gumroad.com,10.00,False,False,,2,5.0,,13,48,3d/3d-assets/avatar-components/tails
https://meshbestia.gumroad.com/l/chomperslugtail,fhjybs,Chomper and Slug Tail [VRchat],Mesh Bestia,https://meshbestia.gumroad.com,12.00,False,False,,2,5.0,,13,48,3d/3d-assets/avatar-components/tails
https://meshbestia.gumroad.com/l/dreamytails,llaea,Somna Inspired Dreamy Tails [Vrchat Asset],Mesh Bestia,https://meshbestia.gumroad.com,12.00,False,False,,1,5.0,,13,49,3d/3d-assets/avatar-components/tails
https://meshbestia.gumroad.com/l/gooeyhandtail,hciwyi,Gooey Hand Tail,Mesh Bestia,https://meshbestia.gumroad.com,10.00,False,False,,2,5.0,,13,48,3d/3d-assets/avatar-components/tails
https://meshbestia.gumroad.com/l/gummyfishtail,vsdlqr,Gummy Fish Tail [VRchat],Mesh Bestia,https://meshbestia.gumroad.com,10.00,False,False,,2,5.0,,13,48,3d/3d-assets/avatar-components/tails
https://meshbestia.gumroad.com/l/gummywormtail,ssvis,Gummy Worm Tail [Vrchat],Mesh Bestia,https://meshbestia.gumroad.com,10.00,False,False,,2,5.0,,13,48,3d/3d-assets/avatar-components/tails
https://meshbestia.gumroad.com/l/mothwings,gfaful,Moth Wings [VRchat],Mesh Bestia,https://meshbestia.gumroad.com,5.00,False,False,,0,0.0,,14,50,3d/3d-assets/accessories/wings
https://meshbestia.gumroad.com/l/mothwyrmset,dpden,Moth Wyrm Set,Mesh Bestia,https://meshbestia.gumroad.com,12.00,False,False,,2,5.0,,13,48,3d/3d-assets/accessories/wings
https://metalgod.gumroad.com/l/CYBERCLOTHES,ciikh,Samurai Tech (VRChat Cyberpunk outfit),Metal,https://metalgod.gumroad.com,20.00,False,True,254,16,4.8,15.88,21,300,3d/3d-assets/clothing
https://mezufi.gumroad.com/l/wvlkzd,wvlkzd,Novabeast Classic Sailor,Mezufi,https://mezufi.gumroad.com,7.00,False,False,,0,0.0,,2,16,3d/3d-assets/clothing/bodysuits
https://mgulifes.gumroad.com/l/botanicasfx,fuyftj,Botanica ☘️,mgulifes,https://mgulifes.gumroad.com,0.00,True,True,3167,110,4.9,28.79,5,22,music-and-sound-design
https://miccoli3d.gumroad.com/l/MergeMaster,zkckw,Merge Master - Blender addon ,miccoli3d,https://miccoli3d.gumroad.com,60.00,False,True,125,4,4.0,31.25,,,3d
https://michaelxnore.gumroad.com/l/VulperSkull,guoox,Vulper Skull,MichaelxNore,https://michaelxnore.gumroad.com,0.00,True,True,394,4,5.0,98.50,8,76,3d/3d-assets/accessories/masks
https://michaelxnore.gumroad.com/l/fishtailvulper,quags,Fish Tail for Vulper,MichaelxNore,https://michaelxnore.gumroad.com,0.00,True,True,490,9,5.0,54.44,8,71,3d/3d-assets/avatar-components/tails
https://mikefx.gumroad.com/l/caramelFX,sqgfll,CaramelFX,Michael Moser,https://mikefx.gumroad.com,5.00,False,False,,0,0.0,,,,3d/3d-assets/accessories/wings
https://miladkambari.gumroad.com/l/cdprfd,cdprfd,20 Women's Jumpsuit Wear Collection- VOL 13,Milad Kambari,https://miladkambari.gumroad.com,0.00,True,False,,0,0.0,,19,35,3d/3d-assets/clothing/bodysuits
https://miladkambari.gumroad.com/l/cukbv,cukbv,20 Warrior Armor BASE MESH - VOL 14  ,Milad Kambari,https://miladkambari.gumroad.com,0.00,True,False,,0,0.0,,19,35,3d/3d-assets/clothing/bodysuits
https://miladkambari.gumroad.com/l/fnwml,fnwml,157 Mask & Helmet Base Mesh Bundle  ,Milad Kambari,https://miladkambari.gumroad.com,0.00,True,False,,0,0.0,,19,35,3d/3d-assets/accessories/masks
https://miladkambari.gumroad.com/l/sqblf,sqblf,15 Ruffle BASE MESH - VOL 22  ,Milad Kambari,https://miladkambari.gumroad.com,0.00,True,False,,0,0.0,,19,35,3d/3d-assets/clothing/dresses
https://miladkambari.gumroad.com/l/tapiek,tapiek,25 Gas Mask Base Mesh - VOL 09 ( Game Ready )  ,Milad Kambari,https://miladkambari.gumroad.com,0.00,True,False,,0,0.0,,19,35,3d/3d-assets/accessories/masks
https://miladkambari.gumroad.com/l/vxocin,vxocin,25 Warrior Belt - Outfit Collection- VOL 06,Milad Kambari,https://miladkambari.gumroad.com,0.00,True,False,,0,0.0,,19,35,3d/3d-assets/accessories/belts
https://miladkambari.gumroad.com/l/wtrwd,wtrwd,17 Women's Leather Jacket Wear Collection- VOL 17,Milad Kambari,https://miladkambari.gumroad.com,0.00,True,False,,0,0.0,,19,35,3d/3d-assets/clothing/jackets
https://miladkambari.gumroad.com/l/ynkmm,ynkmm,20 Leather Armor BASE MESH - VOL 15  ,Milad Kambari,https://miladkambari.gumroad.com,0.00,True,False,,0,0.0,,19,35,3d/3d-assets/clothing/bodysuits
https://milofox.gumroad.com/l/KitFox,hbumu,KitFox | VRChat Avatar ,MiloFox,https://milofox.gumroad.com,0.00,True,False,,235,4.9,,10,164,3d/3d-assets
https://milofox.gumroad.com/l/KitWear,bvhey,KitWear | Kit Avatar Clothes,MiloFox,https://milofox.gumroad.com,18.00,False,False,,0,0.0,,11,399,3d/3d-assets/clothing
https://mimiiu.gumroad.com/l/ARYIA,qezwoi,Aryia (PC/VRCFT),Mimiiu,https://mimiiu.gumroad.com,35.00,False,True,578,68,5.0,8.50,7,510,3d
https://missehy.gumroad.com/l/scqpqe,scqpqe,Jacket,Missehy,https://missehy.gumroad.com,8.00,False,True,140,6,5.0,23.33,4,153,3d/3d-assets/clothing/jackets
https://mochidoesvr.gumroad.com/l/gothset,wkkfwz,Goth Outfit [Ashbeast + Novabeast] (v1.2),Mocha's Assets,https://mochidoesvr.gumroad.com,10.00,False,True,371,17,4.9,21.82,8,48,3d/3d-assets/clothing
https://mochidoesvr.gumroad.com/l/novabaggyoutfit,weycu,Baggy Outfit [Novabeast] (v1.2),Mocha's Assets,https://mochidoesvr.gumroad.com,10.00,False,True,594,14,4.9,42.43,8,51,3d/3d-assets/clothing
https://mochidoesvr.gumroad.com/l/novastreetwear,ubqya,Streetwear Set for Novabeast (v1.2),Mocha's Assets,https://mochidoesvr.gumroad.com,10.00,False,True,315,11,5.0,28.64,8,54,3d/3d-assets/clothing
https://mochidoesvr.gumroad.com/l/novatechwearsuit,aouudz,Techwear Suit [Novabeast],Mocha's Assets,https://mochidoesvr.gumroad.com,10.00,False,True,97,6,5.0,16.17,8,59,3d/3d-assets/clothing
https://mochidoesvr.gumroad.com/l/summerset,qkmngq,Summer Set [Novabeast // KFN // Mayu],Mocha's Assets,https://mochidoesvr.gumroad.com,10.00,False,True,42,0,0.0,,9,65,3d/3d-assets/clothing
https://mockupinclo3d.gumroad.com/l/2002,uywlff,Male & Female Leg Avatar with RIG For CLO3d Marvelous (Mockupin 2002),Mockupin CLO 3D,https://mockupinclo3d.gumroad.com,4.00,False,False,,0,0.0,,,,3d/3d-assets/avatar-components/feet
https://mondocat.gumroad.com/l/MondoCatPawWatch,judlvz," MondoCat.TV - Low Poly Cat Paw Watch - VRChat, ChilloutVR, etc!",Mondo,https://mondocat.gumroad.com,0.99,False,True,1,0,0.0,,,,3d/3d-assets/accessories/jewelry
https://mondocat.gumroad.com/l/MondoCatTail,hqczn," MondoCat.TV - Low Poly Cat Tail - VRChat, ChilloutVR, etc!",Mondo,https://mondocat.gumroad.com,0.99,False,True,2,0,0.0,,,,3d/3d-assets/avatar-components/tails
https://mondocat.gumroad.com/l/MondoPawRing,dppkx," MondoCat.TV - Low Poly Mondo Paw Ring & Band - VRChat, ChilloutVR, etc!",Mondo,https://mondocat.gumroad.com,0.99,False,True,1,0,0.0,,,,3d/3d-assets/accessories/jewelry
https://moonlightfox1234.gumroad.com/l/kitavalikimono,ugfwi,kitavali kimono,Moonlight fox,https://moonlightfox1234.gumroad.com,15.00,False,False,,1,2.0,,9,36,3d/3d-assets/clothing/dresses
https://moriunofficial.gumroad.com/l/FREE_GM,pawgy,FREE Modular Respirator/Gasmask ,Mori Unofficial,https://moriunofficial.gumroad.com,0.00,True,False,,47,5.0,,20,280,3d/3d-assets/accessories/masks
https://moriunofficial.gumroad.com/l/oni_mask,hsrie,Japanese Oni / Hannya Mask [VRChat],Mori Unofficial,https://moriunofficial.gumroad.com,5.00,False,False,,8,5.0,,20,319,3d/3d-assets/accessories/masks
https://moriunofficial.gumroad.com/l/tacticalgloves,wxeet,Tactical Gloves [VRChat / Avatar],Mori Unofficial,https://moriunofficial.gumroad.com,5.00,False,False,,11,4.6,,20,316,3d/3d-assets/accessories/gloves
https://moriunofficial.gumroad.com/l/varsity,svoef,Varsity/Letterman Jacket [VrChat],Mori Unofficial,https://moriunofficial.gumroad.com,5.00,False,False,,1,5.0,,20,326,3d/3d-assets/clothing/jackets
https://motherlyra.gumroad.com/l/homemadewings,vqikn,Homemade Wings: VRChat Asset,Motherlyra,https://motherlyra.gumroad.com,10.00,False,True,23,1,5.0,23.00,10,29,3d/3d-assets/accessories/wings
https://movefitadmin.gumroad.com/l/bitesizejuly26,zmxsx,The Busy Mama Bitesize Challenge - 14 Days of Dance & Strength Training,MoveFit Mama,https://movefitadmin.gumroad.com,15.00,False,False,,2,5.0,,,,3d
https://movefitadmin.gumroad.com/l/summerchallenge26,vluis,MoveFit Mama Dance & Dumbbells 30 Day Strong As F*ck Summer Challenge '26,MoveFit Mama,https://movefitadmin.gumroad.com,27.00,False,False,,4,4.8,,,,3d/3d-assets/3ds-max
https://moversodyssey.gumroad.com/l/temperedbody,mdkiw,The Tempered Body: A Comprehensive Tendon Training Program,Movers Odyssey,https://moversodyssey.gumroad.com,37.00,False,False,,7,5.0,,3,38,3d
https://muqadar8.gumroad.com/l/krwyp,krwyp,"Fur & Philosophy, Essays on Life, Compassion, and What Matters",Muqadar Ali,https://muqadar8.gumroad.com,2.00,False,False,,3,5.0,,,,fiction-books
https://nakuvr.gumroad.com/l/cecilyhair,xdvlr,【Cecily Hair】,Naku,https://nakuvr.gumroad.com,7.00,False,False,,25,5.0,,5,235,3d/3d-assets/avatar-components/hair
https://nanciwr.gumroad.com/l/Yveltal_Horns,gdioxs,Yveltal Horns for Hobkin (VRChat),NanciWR,https://nanciwr.gumroad.com,5000.00,False,True,15,1,5.0,15.00,,,3d/3d-assets/avatar-components/horns
https://neet06.gumroad.com/l/fodal,fodal,Bujji sci fi car from kalki 2898Ad ,Neet Koladiya,https://neet06.gumroad.com,12.00,False,False,,0,0.0,,,,3d/3d-assets/accessories/bags
https://negi1216.gumroad.com/l/kittyset,yvoqi,[Free] 2K🎀Kitty Underwear🎀ZinFitBase,NEGI,https://negi1216.gumroad.com,3.00,False,False,,0,0.0,,19,259,3d/3d-assets/clothing/bras
https://neverset.gumroad.com/l/gvwxl,gvwxl,adidas shoes Product Rendering Octane Files for Cinema4D ,Neverset,https://neverset.gumroad.com,39.90,False,False,,0,0.0,,,,3d/3d-assets/cinema-4d
https://newplastic.gumroad.com/l/LGTqyP,LGTqyP,Procedural Alien-Rock Materials (Octane & Redshift),New Plastic,https://newplastic.gumroad.com,8.00,False,False,,14,5.0,,33,250,3d/3d-assets/cinema-4d
https://newplastic.gumroad.com/l/qdorey,qdorey,All Fabrics for Cinema 4D (Procedural Octane Pack),New Plastic,https://newplastic.gumroad.com,45.00,False,False,,10,5.0,,33,254,3d/3d-assets/cinema-4d
https://nhanceschool.gumroad.com/l/SimpleDiffuse,bbueet,SimpleDiffuse - Easy Texturing,Nhance School,https://nhanceschool.gumroad.com,25.00,False,False,,196,5.0,,4,53,3d/3d-assets
https://nix.gumroad.com/l/BroDynamics,zIRHUT,BroDynamics,Michael Davydov,https://nix.gumroad.com,0.00,True,False,,4,5.0,,2,28,3d/3d-assets
https://noahnuebling.gumroad.com/l/mmfinappusd,yiphqa,Mac Mouse Fix,Noah Nuebling,https://noahnuebling.gumroad.com,2.99,False,True,45705,1194,4.9,38.28,,,3d/3d-assets/3ds-max
https://nobraintools.gumroad.com/l/rcafa,rcafa,Maya Groomer's Tool,Maya Groomer's Tool,https://nobraintools.gumroad.com,0.00,True,True,203,63,5.0,3.22,,,3d/3d-assets
https://nocodeflow.gumroad.com/l/dynamic-map-for-webflow,hzpde,No Code Flow [Webflow Components],No Code Flow,https://nocodeflow.gumroad.com,0.00,True,False,,13,5.0,,,,3d/3d-assets/3ds-max
https://nodesinteractive.gumroad.com/l/retopoplanes,fknxpr,Retopo Planes,Nodes Interactive,https://nodesinteractive.gumroad.com,24.99,False,False,,12,4.7,,11,92,3d/3d-assets/blender
https://nonyapie.gumroad.com/l/BasicWristShackles,mvtsy,Wrist Shackles,Liloura,https://nonyapie.gumroad.com,10.00,False,False,,5,5.0,,2,10,3d/3d-assets/accessories/jewelry
https://noodledragons.gumroad.com/l/aiuip,aiuip,Frilly Swimsuit,Noodle dragons,https://noodledragons.gumroad.com,7.00,False,False,,0,0.0,,,,3d/3d-assets/clothing/bodysuits
https://noodledragons.gumroad.com/l/ghjiys,ghjiys,Gothic Maid Dress,Noodle dragons,https://noodledragons.gumroad.com,22.00,False,False,,0,0.0,,,,3d/3d-assets/clothing/dresses
https://noodledragons.gumroad.com/l/humtno,humtno,Punkie Dress,Noodle dragons,https://noodledragons.gumroad.com,13.00,False,False,,0,0.0,,,,3d/3d-assets/clothing/dresses
https://noodledragons.gumroad.com/l/lcgtw,lcgtw,Sundress ,Noodle dragons,https://noodledragons.gumroad.com,9.00,False,False,,0,0.0,,,,3d/3d-assets/clothing/dresses
https://noodledragons.gumroad.com/l/zhbgwx,zhbgwx,Qipao Dress,Noodle dragons,https://noodledragons.gumroad.com,22.00,False,False,,0,0.0,,,,3d/3d-assets/clothing/dresses
https://northstar576.gumroad.com/l/mkwka,mkwka,Hyenid Wolfcut,North's Cozy Corner,https://northstar576.gumroad.com,10.00,False,False,,1,5.0,,6,15,3d/3d-assets/avatar-components/hair
https://northstar576.gumroad.com/l/wpcuyz,wpcuyz,Classy Punk Hyenid set,North's Cozy Corner,https://northstar576.gumroad.com,5.00,False,False,,0,0.0,,7,16,3d/3d-assets/accessories/jewelry
https://novacitizen.gumroad.com/l/inflatablebobbletail,ajfkt,Inflatable Toy Tail -[Vrchat],Jade Thornheart,https://novacitizen.gumroad.com,10.00,False,True,2,1,5.0,2.00,,,3d/3d-assets/avatar-components/tails
https://novaicnight.gumroad.com/l/HarpSet,dyide,Harp Set - Tail and Ears ,NovaicNight,https://novaicnight.gumroad.com,5000.00,False,False,,12,5.0,,25,354,3d/3d-assets/avatar-components/tails
https://novaicnight.gumroad.com/l/dragonfeatheredtail,fgoixg,Dragon Feathered Tail - VRCHAT tail Asset,NovaicNight,https://novaicnight.gumroad.com,5000.00,False,False,,20,5.0,,25,346,3d/3d-assets/avatar-components/tails
https://novaicnight.gumroad.com/l/exoticears,yyxkgp,Exotic Ears - VRCHAT ACCESSORY,NovaicNight,https://novaicnight.gumroad.com,5000.00,False,False,,6,5.0,,25,360,3d/3d-assets/avatar-components/ears
https://novaicnight.gumroad.com/l/featheredtail,uzypj,Ezeavos Feather Tail - {VRCHAT ACCESSORRY},NovaicNight,https://novaicnight.gumroad.com,5000.00,False,False,,4,5.0,,25,362,3d/3d-assets/avatar-components/tails
https://noxxykit.gumroad.com/l/fjxdb,fjxdb,Mayu Tail Ribbon,NoxxyKit,https://noxxykit.gumroad.com,7.00,False,False,,1,5.0,,,,3d/3d-assets/accessories
https://noxxykit.gumroad.com/l/ghmgsi,ghmgsi,Mayu Swimming Trunks,NoxxyKit,https://noxxykit.gumroad.com,5.00,False,False,,4,5.0,,,,3d/3d-assets/clothing/bottoms
https://nuusa.gumroad.com/l/LocketChoker,iwhby,Locket Choker,Nuusa,https://nuusa.gumroad.com,5.00,False,False,,4,5.0,,33,758,3d/3d-assets/accessories/chokers
https://nuusa.gumroad.com/l/RamSet,iyemi,Ram Set,Nuusa,https://nuusa.gumroad.com,10.00,False,False,,5,5.0,,33,757,3d/3d-assets/avatar-components/ears
https://o365itpros.gumroad.com/l/O365IT,cdqkg,Microsoft 365 for IT Pros (2027 Edition). The Ultimate Guide to Managing Microsoft 365.,Office 365 for IT Pros,https://o365itpros.gumroad.com,59.95,False,False,,19,5.0,,2,102,3d/3d-assets/3ds-max
https://ocuuda.gumroad.com/l/moeanime,ccehv,"VrChat MMD ""Moe 2000s"" Anime Head Mesh (.VRM, .FBX, and .PMX)",ocuuda,https://ocuuda.gumroad.com,10.00,False,True,48,6,5.0,8.00,,,3d/3d-assets/avatar-components/heads
https://olguioo.gumroad.com/l/odkxm,odkxm,"Brush Box Vol.1 ✿ Markers, Pencils & Palettes",Olguioo,https://olguioo.gumroad.com,12.00,False,False,,128,5.0,,34,14538,drawing-and-painting
https://olivervixen.gumroad.com/l/qezvc,qezvc,Unique Simple Horns,Oliver Vixen,https://olivervixen.gumroad.com,1.00,False,True,6,0,0.0,,7,32,3d/3d-assets/avatar-components/horns
https://omarfaruqtawsif.gumroad.com/l/eqczid,eqczid,Craft Reaper's illustrative brush pack for Blender texture painting. Free with Course ,craftreaper,https://omarfaruqtawsif.gumroad.com,7.50,False,False,,89,4.9,,10,414,3d/3d-assets/blender
https://onlyscans.gumroad.com/l/dvsshj,dvsshj,RAW LASER SCAN: Balaclava 02,OnlyScans,https://onlyscans.gumroad.com,8.00,False,False,,0,0.0,,,,3d/3d-assets/accessories/masks
https://onlyscans.gumroad.com/l/prqhm,prqhm,RAW LASER SCAN: Neck Gaiter,OnlyScans,https://onlyscans.gumroad.com,8.00,False,False,,0,0.0,,,,3d/3d-assets/accessories/masks
https://onlyscans.gumroad.com/l/qaycbc,qaycbc,RAW LASER SCAN: Balaclava 03,OnlyScans,https://onlyscans.gumroad.com,8.00,False,False,,0,0.0,,,,3d/3d-assets/accessories/masks
https://onlyscans.gumroad.com/l/qboykg,qboykg,RAW LASER SCAN: Seamless Neck Gaiter,OnlyScans,https://onlyscans.gumroad.com,5.00,False,False,,0,0.0,,,,3d/3d-assets/accessories/masks
https://onlyscans.gumroad.com/l/sxeaox,sxeaox,RAW LASER SCAN: Ferro Concepts The Bison Belt,OnlyScans,https://onlyscans.gumroad.com,10.00,False,False,,0,0.0,,,,3d/3d-assets/accessories/belts
https://onlyscans.gumroad.com/l/xhvvm,xhvvm,RAW LASER SCAN: Knitted Balaclava,OnlyScans,https://onlyscans.gumroad.com,8.00,False,False,,0,0.0,,,,3d/3d-assets/accessories/masks
https://onlyscans.gumroad.com/l/yuacnz,yuacnz,RAW LASER SCAN: ASR Warbelt ,OnlyScans,https://onlyscans.gumroad.com,10.00,False,False,,0,0.0,,,,3d/3d-assets/accessories/belts
https://overpower.gumroad.com/l/rzmlv,rzmlv,Segra Ultimat V1.7.9 + OPCORE (temporary),OverPower,https://overpower.gumroad.com,5.00,False,True,6226,163,4.8,38.20,,,3d/3d-assets
https://pavelbarnev.gumroad.com/l/OverRigBasic,cIdFbR,basic scripts for the OverRig animation method,Pavel Barnev,https://pavelbarnev.gumroad.com,70.00,False,False,,99,5.0,,24,402,3d/3d-assets
https://pavelbarnev.gumroad.com/l/shift_animation_tool,EOSiV,Shifting animation tool for MAYA,Pavel Barnev,https://pavelbarnev.gumroad.com,50.00,False,False,,41,5.0,,24,460,3d/3d-assets
https://peakdreamsstudio.gumroad.com/l/ornament_generator,dmxbk,Blender Ornament Generator v1.2.0,PeakDreams Studio,https://peakdreamsstudio.gumroad.com,12.50,False,True,247,7,5.0,35.29,,,3d/3d-assets/blender
https://perfectodoart.gumroad.com/l/SummerOutfitNovabeast,dntly,Summer Outfit For Novabeast 1.2 | VRChat Clothing ,Perfecto,https://perfectodoart.gumroad.com,0.00,True,True,90,1,5.0,90.00,39,172,3d/3d-assets/clothing
https://phasecaldera.gumroad.com/l/CXCTech,asnex,CXC Techwear Outfit,Caldera Creations,https://phasecaldera.gumroad.com,15.00,False,True,424,15,4.8,28.27,4,17,3d/3d-assets/clothing
https://phoenixnikky.gumroad.com/l/AngelSet,wnhir,Angel set,PhoEnixNikky,https://phoenixnikky.gumroad.com,28.00,False,True,12,0,0.0,,12,30,3d/3d-assets/clothing/dresses
https://phoenixnikky.gumroad.com/l/EveningDress,aezmv,Evening Goth dress,PhoEnixNikky,https://phoenixnikky.gumroad.com,35.00,False,True,11,0,0.0,,12,30,3d/3d-assets/clothing/dresses
https://phoenixnikky.gumroad.com/l/HairstyleKF,oevco,KitFox Hairstyle,PhoEnixNikky,https://phoenixnikky.gumroad.com,22.00,False,True,13,0,0.0,,12,30,3d/3d-assets/avatar-components/hair
https://phoenixnikky.gumroad.com/l/NightSet,ynwby,Night set,PhoEnixNikky,https://phoenixnikky.gumroad.com,35.00,False,True,7,0,0.0,,12,30,3d/3d-assets/clothing/dresses
https://picklebarrel3d.gumroad.com/l/turtlepack,ijXTa,Turtle Plush Backpack,Picklebarrel,https://picklebarrel3d.gumroad.com,0.00,True,False,,21,5.0,,19,383,3d/3d-assets/accessories/bags
https://pikachuux.gumroad.com/l/vvgkil,vvgkil,Jewelry Store Pro,Pika Notion,https://pikachuux.gumroad.com,97.00,False,False,,0,0.0,,,,3d/3d-assets/accessories/jewelry
https://pixelicacg.gumroad.com/l/bktxo,bktxo,Hair Card Studio (Hair Card Creator Addon for Blender),PixelicaCG,https://pixelicacg.gumroad.com,11.99,False,False,,11,4.6,,23,285,3d/3d-assets
https://polybunny.gumroad.com/l/CyantLocomotors,ditqd,[VRC] CYANT - Locomotors - Heels and Feet,Polybunny,https://polybunny.gumroad.com,8.00,False,False,,14,5.0,,10,243,3d/3d-assets/avatar-components/feet
https://polybunny.gumroad.com/l/runa-heels,cbqpd,[VRC] Runa Robo Heels,Polybunny,https://polybunny.gumroad.com,2.00,False,False,,23,4.9,,10,234,3d/3d-assets/avatar-components/feet
https://polygoncat.gumroad.com/l/PolyFitDefinitiveSocks,ftmiwm,PolyFit Definitive Socks,Polycat,https://polygoncat.gumroad.com,8.00,False,False,,2,5.0,,5,61,3d/3d-assets/clothing
https://polygoncat.gumroad.com/l/PolyFitSerisSportySet,teqtte,PolyFit Seris Sporty Set,Polycat,https://polygoncat.gumroad.com,10.00,False,False,,1,5.0,,5,62,3d/3d-assets
https://polygoncat.gumroad.com/l/PrismaBodysuit,hvgbg,Prisma Bodysuit,Polycat,https://polygoncat.gumroad.com,10.00,False,False,,17,4.7,,5,46,3d/3d-assets
https://polygoniq.gumroad.com/l/botaniq-trees,MOZJY,Tree Library Botaniq Trees+Plants,polygoniq,https://polygoniq.gumroad.com,2.00,False,True,16151,219,4.8,73.75,14,171,3d/3d-assets
https://polymage.gumroad.com/l/10xHS4,myrupv,10x Horn Set 4,PolyMage,https://polymage.gumroad.com,8.00,False,False,,0,0.0,,18,84,3d/3d-assets/avatar-components/horns
https://polymage.gumroad.com/l/3xCP,rjjhk,3x Choker Pack,PolyMage,https://polymage.gumroad.com,1.00,False,False,,1,5.0,,17,83,3d/3d-assets/accessories/chokers
https://polymage.gumroad.com/l/4xDragonHorns,qowow,4x Dragon Horns,PolyMage,https://polymage.gumroad.com,3.00,False,False,,0,0.0,,18,84,3d/3d-assets/avatar-components/horns
https://polymage.gumroad.com/l/5xhp,fylnbm,5x Horns Pack,PolyMage,https://polymage.gumroad.com,4.00,False,False,,0,0.0,,18,84,3d/3d-assets/avatar-components/horns
https://polymage.gumroad.com/l/CMoonAntlers,jhlaz,Crystal Moon Antlers,PolyMage,https://polymage.gumroad.com,3.00,False,False,,0,0.0,,18,84,3d/3d-assets/avatar-components/horns
https://polymage.gumroad.com/l/Clown,veyrg,Clown Mask,PolyMage,https://polymage.gumroad.com,2.00,False,False,,6,5.0,,17,78,3d/3d-assets/accessories/masks
https://polymage.gumroad.com/l/Coffin,hfvdtw,Coffin Purse,PolyMage,https://polymage.gumroad.com,3.00,False,False,,0,0.0,,18,84,3d/3d-assets/accessories/bags
https://polymage.gumroad.com/l/CyberDemonHorns,oxezse,CyberDemon Horns,PolyMage,https://polymage.gumroad.com,3.00,False,False,,0,0.0,,18,84,3d/3d-assets/avatar-components/horns
https://polymage.gumroad.com/l/CyberDemonMask,kbaiy,CyberDemon Mask & Earrings,PolyMage,https://polymage.gumroad.com,1.00,False,False,,0,0.0,,18,84,3d/3d-assets/accessories/masks
https://polymage.gumroad.com/l/DemonHorns,daots,[Freebie] Demon Horns 2,PolyMage,https://polymage.gumroad.com,0.00,True,False,,19,5.0,,17,65,3d/3d-assets/avatar-components/horns
https://polymage.gumroad.com/l/FH3,cgtze,[Freebie] Horns #3,PolyMage,https://polymage.gumroad.com,0.00,True,False,,8,5.0,,17,76,3d/3d-assets/avatar-components/horns
https://polymage.gumroad.com/l/HS1,gvzgbd,10x Horn Set,PolyMage,https://polymage.gumroad.com,8.00,False,False,,0,0.0,,18,84,3d/3d-assets/avatar-components/horns
https://polymage.gumroad.com/l/HS2,rmqwm,10x Horn Set 2,PolyMage,https://polymage.gumroad.com,8.00,False,False,,0,0.0,,18,84,3d/3d-assets/avatar-components/horns
https://polymage.gumroad.com/l/JesterMask,hvfks,Jester Mask,PolyMage,https://polymage.gumroad.com,2.00,False,False,,0,0.0,,18,84,3d/3d-assets/accessories/masks
https://polymage.gumroad.com/l/LoveCollar,ygmvuq,Love Collar,PolyMage,https://polymage.gumroad.com,1.00,False,False,,0,0.0,,18,84,3d/3d-assets/accessories/chokers
https://polymage.gumroad.com/l/LunaCollar,faylo,Luna Collar,PolyMage,https://polymage.gumroad.com,2.00,False,False,,1,5.0,,17,83,3d/3d-assets/accessories/chokers
https://polymage.gumroad.com/l/SpitefulDemonHorns,onceb,Spiteful Demon Horns,PolyMage,https://polymage.gumroad.com,1.00,False,False,,1,5.0,,17,83,3d/3d-assets/avatar-components/horns
https://polymage.gumroad.com/l/SpitefulDemonTail,axwgk,Spiteful Demon Tail,PolyMage,https://polymage.gumroad.com,1.00,False,False,,2,5.0,,17,82,3d/3d-assets/avatar-components/tails
https://polymage.gumroad.com/l/aughka,aughka,Rainbow Horns,PolyMage,https://polymage.gumroad.com,3.00,False,False,,0,0.0,,18,84,3d/3d-assets/avatar-components/horns
https://polymage.gumroad.com/l/backpack,nxdeer,Backpack,PolyMage,https://polymage.gumroad.com,2.00,False,False,,0,0.0,,18,84,3d/3d-assets/accessories/bags
https://polymage.gumroad.com/l/batpack,ktbrc,Batpack,PolyMage,https://polymage.gumroad.com,2.00,False,False,,0,0.0,,18,84,3d/3d-assets/accessories/bags
https://polymage.gumroad.com/l/rwings,gzwuy,Rainbow Wings,PolyMage,https://polymage.gumroad.com,3.00,False,False,,0,0.0,,18,84,3d/3d-assets/accessories/wings
https://polymage.gumroad.com/l/tricksterhalfmask,txmnep,Trickster Half Mask,PolyMage,https://polymage.gumroad.com,3.00,False,False,,0,0.0,,18,84,3d/3d-assets/accessories/masks
https://polymage.gumroad.com/l/zvdqk,zvdqk,10x Horn Set 3,PolyMage,https://polymage.gumroad.com,8.00,False,False,,0,0.0,,18,84,3d/3d-assets/avatar-components/horns
https://pouchyyboi.gumroad.com/l/bbjog,bbjog,Axolotl Aquarium BackPack [ACCESSORY],P̶ ̶O̶ ̶U̶ ̶C̶ ̶H̶ ̶Y̶,https://pouchyyboi.gumroad.com,15.00,False,False,,4,5.0,,24,61,3d/3d-assets/accessories/bags
https://principalforms.gumroad.com/l/details-matter,ptlisp,Blender Kitbash Pack,Principal Forms,https://principalforms.gumroad.com,50.00,False,False,,13,5.0,,,,3d/3d-assets
https://prochitecture.gumroad.com/l/blender-osm,jefmy,"Blosm for Blender: Google 3D cities, OpenStreetMap, terrain",Prochitecture,https://prochitecture.gumroad.com,0.00,True,False,,1499,4.9,,,,3d/3d-assets/blender
https://productivesetups.gumroad.com/l/headquarters,hpqcg,Headquarters Notion Productivity Template,Productive Setups,https://productivesetups.gumroad.com,79.00,False,False,,194,5.0,,36,622,3d
https://protojeb.gumroad.com/l/sabreanfacemask,wasem,Facemask for Sabrean The Shark,protojeb,https://protojeb.gumroad.com,5.00,False,False,,3,5.0,,,,3d/3d-assets/accessories/masks
https://psychecyclops.gumroad.com/l/retro-backpacks,vqijn,👾 Retro Ita Backpacks [Universal] 🎒 inspired by Furality Ultra,PsycheCyclops,https://psychecyclops.gumroad.com,5.00,False,False,,3,5.0,,3,28,3d/3d-assets/accessories
https://psychecyclops.gumroad.com/l/retro-backpacks-pack2,eiswa,👾 Retro Ita Backpacks [Universal] - Pack #2 🎒 inspired by Furality Ultra | Universal Asset,PsycheCyclops,https://psychecyclops.gumroad.com,5.00,False,False,,0,0.0,,4,31,3d/3d-assets/accessories/bags
https://pursuit0852.gumroad.com/l/etghrb,etghrb, Affections Wings and Badge with VFX [SERVER FREEBIE],Pursuit,https://pursuit0852.gumroad.com,0.00,True,False,,0,0.0,,4,15,3d/3d-assets/accessories/wings
https://pursuit0852.gumroad.com/l/nmxyayp,nmxyayp,Dreamscape Series: Icarus's Wings with VFX,Pursuit,https://pursuit0852.gumroad.com,0.00,True,False,,0,0.0,,4,15,3d/3d-assets/accessories/wings
https://pursuit0852.gumroad.com/l/qeuqv,qeuqv,Dreamscape Outfit [Metallic Wings & Bladed Skirt],Pursuit,https://pursuit0852.gumroad.com,0.00,True,False,,0,0.0,,4,15,3d/3d-assets/accessories/wings
https://pursuit0852.gumroad.com/l/wqxyjad,wqxyjad,Dreamscape Outfit [Angel Wings & Feathered Skirt],Pursuit,https://pursuit0852.gumroad.com,0.00,True,False,,0,0.0,,4,15,3d/3d-assets/accessories/wings
https://pursuit0852.gumroad.com/l/xiewli,xiewli,Exo's Ears,Pursuit,https://pursuit0852.gumroad.com,0.00,True,False,,0,0.0,,4,15,3d/3d-assets/avatar-components/ears
https://purxles.gumroad.com/l/ailvho,ailvho,Sling Kini (Celeste),Purxles,https://purxles.gumroad.com,1.50,False,True,52,4,5.0,13.00,18,51,3d/3d-assets/clothing/bodysuits
https://purxles.gumroad.com/l/vvbdwt,vvbdwt,Sling Kini (LunaBeast Redux),Purxles,https://purxles.gumroad.com,2.00,False,True,19,0,0.0,,19,55,3d/3d-assets/clothing/bodysuits
https://pxinky.gumroad.com/l/BGlasses,bluywx,B#%CHY Glasses for Novabeast,PxINKY,https://pxinky.gumroad.com,3.00,False,False,,0,0.0,,12,131,3d/3d-assets/accessories
https://raideus.gumroad.com/l/UltraNyako,qkcoaw,Ultra Outfit for Nyako | VRChat Clothing Addon,Raideus,https://raideus.gumroad.com,15.00,False,False,,0,0.0,,17,395,3d/3d-assets/clothing
https://rancherg99.gumroad.com/l/aerehs,aerehs,Halter (Waggan),RancherG,https://rancherg99.gumroad.com,5.00,False,False,,3,5.0,,26,85,3d/3d-assets/accessories/harnesses
https://rancherg99.gumroad.com/l/ekndmn,ekndmn,Extra Fluff (Novabeast),RancherG,https://rancherg99.gumroad.com,3.00,False,False,,3,3.7,,26,85,3d/3d-assets/avatar-components/hair
https://rancherg99.gumroad.com/l/hwhdyz,hwhdyz,Halter (Novabeast),RancherG,https://rancherg99.gumroad.com,5.00,False,False,,0,0.0,,27,88,3d/3d-assets/accessories/harnesses
https://rancherg99.gumroad.com/l/ijczv,ijczv,Hoof (Novabeast Hooves),RancherG,https://rancherg99.gumroad.com,7.00,False,False,,6,5.0,,26,82,3d/3d-assets/avatar-components/feet
https://rancherg99.gumroad.com/l/kzxflc,kzxflc,EmberBean Piercing Set FT,RancherG,https://rancherg99.gumroad.com,5.00,False,False,,4,5.0,,26,84,3d/3d-assets/accessories/jewelry
https://rancherg99.gumroad.com/l/mgrta,mgrta,Novabeast Piercing Set FT,RancherG,https://rancherg99.gumroad.com,7.00,False,False,,2,5.0,,26,86,3d/3d-assets/accessories
https://rancherg99.gumroad.com/l/nmwnou,nmwnou,Extra Fluff (Wickerbeast),RancherG,https://rancherg99.gumroad.com,3.00,False,False,,4,5.0,,26,84,3d/3d-assets/avatar-components/hair
https://rancherg99.gumroad.com/l/puqxr,puqxr,Reindeer Antlers,RancherG,https://rancherg99.gumroad.com,3.00,False,False,,2,5.0,,26,86,3d/3d-assets/avatar-components/horns
https://rancherg99.gumroad.com/l/sjmhzr,sjmhzr,Player 1 Furality Ultra Outfit,RancherG,https://rancherg99.gumroad.com,12.00,False,False,,3,5.0,,26,85,3d/3d-assets/clothing
https://rancherg99.gumroad.com/l/wwekh,wwekh,Spider Set,RancherG,https://rancherg99.gumroad.com,3.00,False,False,,3,5.0,,26,85,3d/3d-assets/accessories/wings
https://rancherg99.gumroad.com/l/xmcfv,xmcfv,Hoof (Waggan Hooves),RancherG,https://rancherg99.gumroad.com,7.00,False,False,,3,4.0,,26,85,3d/3d-assets/avatar-components/feet
https://rancherg99.gumroad.com/l/yffdat,yffdat,EmberBean Leash,RancherG,https://rancherg99.gumroad.com,0.00,True,False,,0,0.0,,27,88,3d/3d-assets/accessories/harnesses
https://rankingtactics.gumroad.com/l/ai-writer-subscription,ampad,ZimmWriter (Subscription),ZimmWriter (by Matt Zimmerman),https://rankingtactics.gumroad.com,0.00,True,False,,168,4.8,,,,3d/3d-assets/3ds-max
https://rart.gumroad.com/l/HoudiniAIAssistant,frzfq,Houdini AI Assistant ,Radu Cius,https://rart.gumroad.com,0.00,True,False,,47,4.8,,15,416,3d
https://reava.gumroad.com/l/CHIRP_Collars,espwmy,CHIRP Collar Megapack (+ OSC Leash & Bracelets + Pride Pack),Reava_,https://reava.gumroad.com,6.00,False,True,1989,61,5.0,32.61,3,38,3d/3d-assets
https://reggiethecaracal.gumroad.com/l/RunnerOutfit,zcznh,Runner outfit for Novabeast,ReggieTheCaracal,https://reggiethecaracal.gumroad.com,0.00,True,False,,2,5.0,,,,3d/3d-assets/clothing
https://reipart.gumroad.com/l/stylizedCloudGenerator,qcgrt,Stylized Cloud Generator,Rei,https://reipart.gumroad.com,9.50,False,False,,15,4.9,,5,882,3d/3d-assets/blender
https://reipart.gumroad.com/l/stylizedTreeGenerator,kluofh,Stylized Tree Asset Generator,Rei,https://reipart.gumroad.com,12.50,False,False,,19,5.0,,5,878,3d/3d-assets/blender
https://remasemporium.gumroad.com/l/rexharness01,hqyyc,RemTech Safety Harness,Rema's Emporium,https://remasemporium.gumroad.com,5.00,False,False,,0,0.0,,20,57,3d/3d-assets/accessories/harnesses
https://reval.gumroad.com/l/comfyclothing,xcxsq,"Comfy Clothing [ Vulper, Meowper ] ",Reval,https://reval.gumroad.com,20.00,False,False,,9,4.4,,14,515,3d/3d-assets/clothing
https://rezilloryker.gumroad.com/l/Furyon,ujozfx,Furyon,Rezillo Ryker,https://rezilloryker.gumroad.com,40.00,False,True,414,22,5.0,18.82,5,2557,3d
https://rezilloryker.gumroad.com/l/MYutV,MYutV,Rexouium Avatar,Rezillo Ryker,https://rezilloryker.gumroad.com,45.00,False,False,,2076,4.8,,5,503,3d
https://rhodastore.gumroad.com/l/F415,orknt,Human base F_415,Rhoda,https://rhodastore.gumroad.com,10.00,False,False,,0,0.0,,10,399,3d/3d-assets/avatar-components/bases
https://rhodastore.gumroad.com/l/F860,gtaif,Female Base F_860 (SFW),Rhoda,https://rhodastore.gumroad.com,18.00,False,False,,18,5.0,,9,381,3d/3d-assets/avatar-components/bases
https://rhodastore.gumroad.com/l/MuscularMB,HMwAd,Muscular Male Base M_484,Rhoda,https://rhodastore.gumroad.com,20.00,False,False,,62,5.0,,9,337,3d/3d-assets/avatar-components/bases
https://rhodastore.gumroad.com/l/x711,rfcpxm,Androgynous Base X_711,Rhoda,https://rhodastore.gumroad.com,15.00,False,False,,4,5.0,,9,395,3d/3d-assets/avatar-components/bases
https://rhymage.gumroad.com/l/bbLu,bbLu,RH Character Tools for Cinema 4D & Mixamo,rhymage,https://rhymage.gumroad.com,48.00,False,False,,59,4.9,,6,91,3d/3d-assets/cinema-4d
https://rickgude.gumroad.com/l/vertexmax,rkqqlj,VertexMAX for Cinema 4D,Rick Gude,https://rickgude.gumroad.com,0.00,True,False,,2,5.0,,2,11,3d/3d-assets/cinema-4d
https://riggingpro.gumroad.com/l/rimqs_bundle,pbdjx,Rigging in Maya | Quick Start | Bundle,RiggingPRO,https://riggingpro.gumroad.com,540.00,False,True,230,0,0.0,,3,60,3d
https://riotdogg3d.gumroad.com/l/gec,vbvft,Riot's Leopard Gecko Tail,Riotdogg3D,https://riotdogg3d.gumroad.com,999.00,False,False,,0,0.0,,7,16,3d/3d-assets/avatar-components/tails
https://riotdogg3d.gumroad.com/l/giszc,giszc,Furry Paw Asset || Rigged Base for VRChat,Riotdogg3D,https://riotdogg3d.gumroad.com,999.00,False,False,,0,0.0,,7,16,3d/3d-assets/avatar-components/feet
https://robertmccombe.gumroad.com/l/Cuttingmat-wallpaperpack,yafbjp,16 - Cutting Mat Wallpaper Pack,Robert McCombe,https://robertmccombe.gumroad.com,0.00,True,False,,22,4.7,,13,64,3d
https://rocketlasso.gumroad.com/l/RKTFieldDriverBundle,gffjfs,RKT Field Driver BUNDLE for Cinema 4D. Save 30%,Rocket Lasso,https://rocketlasso.gumroad.com,115.00,False,False,,0,0.0,,9,140,3d/3d-assets/cinema-4d
https://rocketlasso.gumroad.com/l/RKTSplineBundle,mxapy,RKT SPLINE BUNDLE: All of our 8 Spline Tools for Cinema 4D. Save 30%,Rocket Lasso,https://rocketlasso.gumroad.com,271.00,False,False,,0,0.0,,9,140,3d/3d-assets/cinema-4d
https://rocketlasso.gumroad.com/l/RKTVoxelMesher,csfhq,RKT Voxel Mesher for Cinema 4D,Rocket Lasso,https://rocketlasso.gumroad.com,97.00,False,False,,2,5.0,,8,138,3d/3d-assets/cinema-4d
https://rocketlasso.gumroad.com/l/mesh-to-spline-from-rocketlasso,HrPMG,Mesh to Spline for Cinema 4D,Rocket Lasso,https://rocketlasso.gumroad.com,97.00,False,False,,22,5.0,,8,118,3d/3d-assets/cinema-4d
https://rocketlasso.gumroad.com/l/recall-from-rocketlasso,AlNhE,Recall for Cinema 4D,Rocket Lasso,https://rocketlasso.gumroad.com,97.00,False,False,,32,4.9,,8,108,3d/3d-assets/cinema-4d
https://rocketlasso.gumroad.com/l/slicer-from-rocketlasso,EoepN,Slicer for Cinema 4D,Rocket Lasso,https://rocketlasso.gumroad.com,97.00,False,False,,36,5.0,,8,104,3d/3d-assets/cinema-4d
https://rocketlasso.gumroad.com/l/utilitysplines-from-rocketlasso,xeici,RKT Utility Splines Collection for Cinema 4D,Rocket Lasso,https://rocketlasso.gumroad.com,97.00,False,False,,11,5.0,,8,129,3d/3d-assets/cinema-4d
https://rogers1906.gumroad.com/l/fcxjqn,fcxjqn,RED-E Society,"Mark N. Rogers, MBA",https://rogers1906.gumroad.com,0.00,True,True,273,9,4.9,30.33,15,159,3d/3d-assets/3ds-max
https://rubberbun.gumroad.com/l/LaceyLeashCollar,katwl,Lacey Leash Collar by *ੈ✩‧₊NA*ੈ✩‧₊,NiceAsteroids,https://rubberbun.gumroad.com,8.00,False,False,,0,0.0,,,,3d/3d-assets/accessories/chokers
https://rubberbun.gumroad.com/l/rabbitearsbyna,lxtsmz,Rabbit Ears RIGGED By *ੈ✩‧₊NA*ੈ✩‧₊ ,NiceAsteroids,https://rubberbun.gumroad.com,5.00,False,False,,0,0.0,,,,3d/3d-assets/avatar-components/ears
https://ruycorto.gumroad.com/l/gidjrr,gidjrr,VIP RealTimeTrades  ASX Stocks/Crypto  & US Marketplace ,Rui,https://ruycorto.gumroad.com,0.00,True,False,,4,4.8,,6,20,business-and-money
https://ryankingart.gumroad.com/l/ultimate-materials,gdkltz,Ultimate Blender Procedural Material Pack,Ryan King Art,https://ryankingart.gumroad.com,75.00,False,True,943,62,5.0,15.21,287,1565,3d/3d-assets
https://samtato.gumroad.com/l/CondensationRig,xjjmrl,X-Particles Animated Condensation Rig,samtato,https://samtato.gumroad.com,79.00,False,True,369,9,5.0,41.00,,,3d/3d-assets/cinema-4d
https://santosbonacci.gumroad.com/l/theforgottescience,swgqd,The Forgotten Science [Digital Book],Santos Bonacci—Syncretism,https://santosbonacci.gumroad.com,9.99,False,False,,1,5.0,,,,fiction-books
https://saturniaa.gumroad.com/l/Halloweendress,nthoh,Halloween Dress,Saturniaa,https://saturniaa.gumroad.com,3.00,False,False,,1,5.0,,15,185,3d/3d-assets/clothing/dresses
https://saxotracks.gumroad.com/l/ItaloRemixVol2,qeeeq,Italo Remix Vol.2,Saxotracks,https://saxotracks.gumroad.com,22.00,False,True,104,2,5.0,52.00,8,32,recorded-music
https://saxotracks.gumroad.com/l/LatinRemixVol2,ukdsq,Latin Remix Vol.2,Saxotracks,https://saxotracks.gumroad.com,22.00,False,True,260,3,5.0,86.67,8,31,recorded-music
https://scoopdewoo.gumroad.com/l/baggyjeans,pirbi,Baggy Jeans,Scoop,https://scoopdewoo.gumroad.com,0.00,True,False,,23,5.0,,7,120,3d/3d-assets/clothing/bottoms
https://scritt.gumroad.com/l/Sandtail,vkfidd,Sandtail Lizard VRC Avatar,Creatureshaped - Stripe's Avatars,https://scritt.gumroad.com,40.00,False,False,,5,5.0,,3,79,3d/3d-assets/avatar-components/bases
https://seedsy.gumroad.com/l/AntigenBodySuit,gblrk,Antigen Body suit and fishnets,Seedsy,https://seedsy.gumroad.com,15.00,False,False,,2,4.0,,14,121,3d/3d-assets/clothing/bodysuits
https://seedsy.gumroad.com/l/AuxigenTail,hrlgj,Auxigen Grabbable Aux Cord Tail,Seedsy,https://seedsy.gumroad.com,10.00,False,False,,0,0.0,,15,123,3d/3d-assets/avatar-components/tails
https://seleniquestudio.gumroad.com/l/50-ai-jewelry-photography-prompts,chkhjfd,50 Jewelry Product Photo AI Prompts,Selenique Studio,https://seleniquestudio.gumroad.com,7.50,False,True,3,0,0.0,,14,29,3d/3d-assets/accessories/jewelry
https://sergiocasilimasfx.gumroad.com/l/egcfv,egcfv,Control Vellum Constraints HIP file,Sergio Casilimas,https://sergiocasilimasfx.gumroad.com,34.00,False,False,,0,0.0,,,,3d/3d-assets/accessories/chokers
https://serkanova21.gumroad.com/l/ntcuxn,ntcuxn,GSonic Immersive version 2.0.1 - 30 July 2026 ,S Guer,https://serkanova21.gumroad.com,74.99,False,False,,39,5.0,,,,3d
https://silbyaws.gumroad.com/l/CasualSportyOutfit,nypxg,Casual Sporty outfit,SilbyAws,https://silbyaws.gumroad.com,10.00,False,True,110,2,5.0,55.00,,,3d/3d-assets/clothing
https://silbyaws.gumroad.com/l/CasualSweatpants,uklns,Casual sweatpants (9 bases),SilbyAws,https://silbyaws.gumroad.com,5.00,False,True,23,1,5.0,23.00,,,3d/3d-assets/clothing/bottoms
https://simmervrc.gumroad.com/l/AstraBackpack,pwwlp,(VRChat) Umbra Astra Backpack,Simmer22,https://simmervrc.gumroad.com,10.00,False,False,,3,5.0,,18,120,3d/3d-assets/accessories/bags
https://simplemarketmetrics.gumroad.com/l/bagfmp,bagfmp,Wave Runner [ Entry Management System],Simple Market Metrics,https://simplemarketmetrics.gumroad.com,499.00,False,True,811,17,4.8,47.71,3,298,other
https://simplemarketmetrics.gumroad.com/l/gpcfp,gpcfp,Live Futures Educational Platform,Simple Market Metrics,https://simplemarketmetrics.gumroad.com,0.00,True,True,219,32,5.0,6.84,3,280,3d/3d-assets/3ds-max
https://simplemarketmetrics.gumroad.com/l/jeiyj,jeiyj, Ninja Trader [Wave Runner RENKO],Simple Market Metrics,https://simplemarketmetrics.gumroad.com,149.00,False,True,2841,53,4.8,53.60,3,259,3d/3d-assets/3ds-max
https://simpligen.gumroad.com/l/simpligen,eegyqs,SimpliGen,SimpliGen,https://simpligen.gumroad.com,49.99,False,True,1542,91,4.5,16.95,,,3d/3d-assets/3ds-max
https://sirmango.gumroad.com/l/byrecn,byrecn,Long Dragon Tail [Asset],Mango Meshworks,https://sirmango.gumroad.com,7.00,False,False,,22,5.0,,,,3d/3d-assets/avatar-components/tails
https://skerek.gumroad.com/l/ULTRAFIT,opwkh,"ULTRA outfit MULTIBASE (Rexouium 1.7, Dante, Hyenid, Pubbchi, Nawulf, Archer, Canis Woof, Swaggon, Shia Bunnia, ...) (inspired by Furality Ultra)",SKEREK,https://skerek.gumroad.com,15.00,False,False,,0,0.0,,,,3d/3d-assets/clothing
https://skip4d.gumroad.com/l/clothesdlc,zfdczx,Chibi Clothes & Accessories DLC [VRChat] ,skip4D,https://skip4d.gumroad.com,30.00,False,False,,44,4.9,,13,929,3d/3d-assets/accessories
https://skulli.gumroad.com/l/angelheadv2,yblzx,//✩ Angel Head v2 - VRChat,Skulli,https://skulli.gumroad.com,0.00,True,False,,24,5.0,,169,2964,3d/3d-assets/avatar-components/heads
https://skulli.gumroad.com/l/blindhorns,pjxbk,[Nitro] Blind Horns - VRChat,Skulli,https://skulli.gumroad.com,5.00,False,False,,3,5.0,,169,2985,3d/3d-assets/avatar-components/horns
https://skulli.gumroad.com/l/cqtkgq,cqtkgq,Leopard Set [Commercial License] - VRChat,Skulli,https://skulli.gumroad.com,6.00,False,False,,10,5.0,,169,2978,3d/3d-assets/avatar-components/ears
https://skulli.gumroad.com/l/decwz,decwz,[Free] Puppy Set,Skulli,https://skulli.gumroad.com,0.00,True,False,,38,5.0,,169,2950,3d/3d-assets/avatar-components/ears
https://skulli.gumroad.com/l/eqjip,eqjip,[Free] Bodysuit - VRChat,Skulli,https://skulli.gumroad.com,0.00,True,False,,24,5.0,,169,2964,3d/3d-assets/clothing/bodysuits
https://skulli.gumroad.com/l/jjnlk,jjnlk,Piercings for Umeko Head - VRChat,Skulli,https://skulli.gumroad.com,3.00,False,False,,4,5.0,,169,2984,3d/3d-assets/accessories/jewelry
https://skulli.gumroad.com/l/lovecowset,xhdmjs,Love Cow Set [Commercial License] - VRChat,Skulli,https://skulli.gumroad.com,6.00,False,False,,4,5.0,,169,2984,3d/3d-assets/avatar-components/ears
https://skulli.gumroad.com/l/neoears,teiqd,Ears for Deira Neo - VRChat,Skulli,https://skulli.gumroad.com,4.00,False,False,,4,4.5,,169,2984,3d/3d-assets/avatar-components/ears
https://skulli.gumroad.com/l/spacehorns,grxni,Elegant Space Horns - VRChat,Skulli,https://skulli.gumroad.com,4.00,False,False,,4,5.0,,169,2984,3d/3d-assets/avatar-components/horns
https://skulli.gumroad.com/l/tattoochoker,hzdswr,[Free] Tattoo Choker - VRChat,Skulli,https://skulli.gumroad.com,0.00,True,False,,26,5.0,,169,2962,3d/3d-assets/accessories/chokers
https://skulli.gumroad.com/l/ultimatestarpiercings,vkkjao,Ultimate Star Piercings - VRChat,Skulli,https://skulli.gumroad.com,6.00,False,False,,7,5.0,,169,2981,3d/3d-assets/accessories/jewelry
https://skulli.gumroad.com/l/weirdalienset,wnufy,Weird Alien Set [Commercial License] - VRChat,Skulli,https://skulli.gumroad.com,0.00,True,False,,32,5.0,,169,2956,3d/3d-assets/avatar-components/ears
https://skulli.gumroad.com/l/xumbji,xumbji,Puppy Set for Deira Neo - VRChat,Skulli,https://skulli.gumroad.com,4.00,False,False,,2,5.0,,169,2986,3d/3d-assets/avatar-components/ears
https://skywolfcreations.gumroad.com/l/ArcedTail,pxgjf,Arced Fluffy Tail- VRChat Accessory,SkyWolf Creations,https://skywolfcreations.gumroad.com,10.00,False,False,,0,0.0,,8,11,3d/3d-assets/avatar-components/tails
https://skywolfcreations.gumroad.com/l/LongScarf,oxzky,Long Scarf- VRChat Accessory,SkyWolf Creations,https://skywolfcreations.gumroad.com,7.00,False,False,,2,5.0,,,,3d/3d-assets/accessories
https://skywolfcreations.gumroad.com/l/rings,fgflp,Six Ring Set- VRChat Accessory,SkyWolf Creations,https://skywolfcreations.gumroad.com,6.00,False,False,,0,0.0,,8,11,3d/3d-assets/accessories/jewelry
https://slayver.gumroad.com/l/scifi_gloves,sotlb,Sci-Fi Gloves,Slayver,https://slayver.gumroad.com,15.00,False,False,,0,0.0,,,,3d/3d-assets/accessories/gloves
https://slipknot3d.gumroad.com/l/PlanbSpringSummeroutfit,gzexa,Planb Spring Summer Outfit for G8F G8.1F and Genesis 9,Slipknot3D,https://slipknot3d.gumroad.com,7.99,False,False,,1,5.0,,,,3d/3d-assets/clothing/dresses
https://slipknot3d.gumroad.com/l/Wrinkleddressoutfit,uwxxv,Wrinkled Dress for G8F/G8.1F,Slipknot3D,https://slipknot3d.gumroad.com,7.99,False,False,,1,5.0,,,,3d/3d-assets/clothing/dresses
https://sloxau.gumroad.com/l/ubowb,ubowb,Cyber Coat for Rexouium,Avalox,https://sloxau.gumroad.com,14.99,False,False,,4,3.8,,,,3d/3d-assets/clothing/jackets
https://smithtruckstyling.gumroad.com/l/KassbohrerSLA-SCSRework,hzedcn,[ETS2] Kassbohrer SLA - Ownable Trailer,Smith Truckstyling,https://smithtruckstyling.gumroad.com,12.00,False,False,,18,5.0,,3,23,gaming
https://smouse.gumroad.com/l/smcarpaint,cdZHK,SM Car Paint Designer Plugin - Cinema 4D & Octane 4.0+  | (SMOUSE),SMOUSE,https://smouse.gumroad.com,10.00,False,False,,11,5.0,,9,287,3d/3d-assets/cinema-4d
https://snepplepaw.gumroad.com/l/DountBEEEANS,ydcsi,Donut Beans for Rexouium,Snepple,https://snepplepaw.gumroad.com,0.00,True,False,,5,4.6,,,,3d/3d-assets/avatar-components/feet
https://snyderdragdire.gumroad.com/l/ArcherFingerlessGloves,tldoss,Fingerless Gloves for Archer Canine,Snyder Dragdire,https://snyderdragdire.gumroad.com,2.00,False,True,160,11,4.5,14.55,16,52,3d/3d-assets/accessories/gloves
https://snyderdragdire.gumroad.com/l/HyenidDress,slzvw,Snyder's Hyenid Dress + Heels,Snyder Dragdire,https://snyderdragdire.gumroad.com,20.00,False,True,77,11,4.8,7.00,16,52,3d/3d-assets/clothing/dresses
https://snyderdragdire.gumroad.com/l/bunnysuit,qmkxzr,Bunny Bodysuit,Snyder Dragdire,https://snyderdragdire.gumroad.com,15.00,False,True,36,1,5.0,36.00,16,62,3d/3d-assets/clothing/bodysuits
https://sohvi.gumroad.com/l/blackcatears,xmlgp,Black Cat Ears,Sohvi,https://sohvi.gumroad.com,6.00,False,False,,0,0.0,,92,769,3d/3d-assets/avatar-components/ears
https://sohvi.gumroad.com/l/spiralhorns,hrqlh,Spiral Horns (Free on server),Sohvi,https://sohvi.gumroad.com,4.00,False,False,,1,5.0,,91,768,3d/3d-assets/avatar-components/horns
https://solocat.gumroad.com/l/mayubandaid,mcebp,"Bandaid for Mayu, Novabeast and others",Solo,https://solocat.gumroad.com,5.00,False,True,746,12,4.9,62.17,11,57,3d/3d-assets/accessories
https://solocat.gumroad.com/l/mayuglasses,akgreu,"Square Frame Glasses for Mayu, Novabeast",Solo,https://solocat.gumroad.com,5.00,False,True,456,10,5.0,45.60,11,59,3d/3d-assets/accessories
https://sorakaito.gumroad.com/l/FemaleDeadPool,zqsgrm,FemaleDeadPool,sorakaito,https://sorakaito.gumroad.com,5.00,False,False,,0,0.0,,,,3d/3d-assets/clothing/bodysuits
https://sosooo.gumroad.com/l/StarThighHighs,dqmrf," ☆ ""StarThighHighs"" ☆",soso,https://sosooo.gumroad.com,2.00,False,True,4,0,0.0,,6,167,3d/3d-assets/clothing/bottoms
https://spacejackal.gumroad.com/l/JackalScaler,lagbz,Jackal Scaling System [VRChat],Space Jackal,https://spacejackal.gumroad.com,8.00,False,True,2450,61,4.8,40.16,5,136,3d
https://speckinvr.gumroad.com/l/mjbzp,mjbzp,~Fast Horns~,~SpeckInVR~,https://speckinvr.gumroad.com,5.00,False,True,5,1,5.0,5.00,17,71,3d/3d-assets/avatar-components/horns
https://spicypanda.gumroad.com/l/SharkieSet,rxllyx,Sharkie Set - Tail and Ears [Commercial + Personal use],SpicyPanda,https://spicypanda.gumroad.com,5.00,False,False,,3,4.7,,5,16,3d/3d-assets/avatar-components/tails
https://spotidown.gumroad.com/l/premiumkey,hvfvj,SpotiDown Premium License Key,SpotiDown,https://spotidown.gumroad.com,20.00,False,True,9012,79,4.0,114.08,,,3d/3d-assets/3ds-max
https://squishrug.gumroad.com/l/squishcollar,gdnby,Padded Comfy Collar,SquishRug 3D,https://squishrug.gumroad.com,10.00,False,True,10,1,5.0,10.00,,,3d/3d-assets/accessories/chokers
https://stardreams2200.gumroad.com/l/futuremanleatherbomberjacket,ybvfzi,Future Man Leather Bomber Jacket ,Star Dreams 2200,https://stardreams2200.gumroad.com,93.95,False,False,,0,0.0,,,,3d/3d-assets/clothing/jackets
https://stardreams2200.gumroad.com/l/zeusleatherbomberjacket,vebtq,Zeus Leather Bomber Jacket,Star Dreams 2200,https://stardreams2200.gumroad.com,93.95,False,False,,0,0.0,,,,3d/3d-assets/clothing/jackets
https://studenalbatroz.gumroad.com/l/FRRja,FRRja,V.I.P Supporters,Studen Albatroz,https://studenalbatroz.gumroad.com,0.00,True,False,,62,4.8,,7,995,gaming
https://sturmwolf.gumroad.com/l/SideBangs,hadkse,Side Bangs,SturmWolf,https://sturmwolf.gumroad.com,8.00,False,True,146,4,5.0,36.50,7,100,3d/3d-assets/avatar-components/hair
https://sushiiwolf.gumroad.com/l/AstraMuzzle,luigdu,Astrawolf Muzzle,Sushii_Wolf,https://sushiiwolf.gumroad.com,12.00,False,False,,1,5.0,,,,3d/3d-assets/accessories/masks
https://sushiiwolf.gumroad.com/l/DotterMuzzle,qybpg,D.Otter Muzzle,Sushii_Wolf,https://sushiiwolf.gumroad.com,12.00,False,False,,0,0.0,,,,3d/3d-assets/accessories/masks
https://sweay.gumroad.com/l/ButterflyEarrings,anmlmr,Butterfly Earrings,Swea,https://sweay.gumroad.com,3.00,False,False,,0,0.0,,14,82,3d/3d-assets/accessories/jewelry
https://sweay.gumroad.com/l/CrossEarrings,vhigg,Cross Earrings,Swea,https://sweay.gumroad.com,3.00,False,False,,0,0.0,,14,82,3d/3d-assets/accessories/jewelry
https://sweay.gumroad.com/l/DiamondEarringPack,phvky,DiamondEarringPack,Swea,https://sweay.gumroad.com,13.00,False,False,,0,0.0,,14,82,3d/3d-assets/accessories/jewelry
https://sweay.gumroad.com/l/FlowerRing,ybfhbj,Flower Ring,Swea,https://sweay.gumroad.com,3.00,False,False,,0,0.0,,14,82,3d/3d-assets/accessories/jewelry
https://sweay.gumroad.com/l/LongDiamondEarrings,aistbr,Long Diamond Earrings,Swea,https://sweay.gumroad.com,3.00,False,False,,0,0.0,,14,82,3d/3d-assets/accessories/jewelry
https://sweetwater112.gumroad.com/l/dmwio,dmwio,Rexouium Maw Remastered,Sweetwater,https://sweetwater112.gumroad.com,15.00,False,False,,9,3.9,,25,374,3d/3d-assets/avatar-components/heads
https://sweetwater112.gumroad.com/l/htfai,htfai,Kryphus Maid Dress,Sweetwater,https://sweetwater112.gumroad.com,15.00,False,False,,2,3.5,,25,381,3d/3d-assets/clothing/dresses
https://sweetwater112.gumroad.com/l/kclge,kclge,Canis Maw remastered,Sweetwater,https://sweetwater112.gumroad.com,15.00,False,False,,5,2.6,,25,378,3d/3d-assets/avatar-components/heads
https://sweetwater112.gumroad.com/l/nardo-maw,lqsie,Nardoragon Maw remastered UPDATED For 3.1,Sweetwater,https://sweetwater112.gumroad.com,15.00,False,False,,51,3.8,,25,332,3d/3d-assets
https://sweetwater112.gumroad.com/l/nova-latex,lhphrz,Novabeast Latex Suit,Sweetwater,https://sweetwater112.gumroad.com,10.00,False,False,,6,4.7,,25,377,3d/3d-assets/clothing/bodysuits
https://swiriko.gumroad.com/l/swhc-winterboldhair-1a,jdojk,Winterbold Hairstyle - Aristocrat - VRChat Avatar Hair Asset,Swiri Ko,https://swiriko.gumroad.com,9.99,False,False,,5,5.0,,,,3d/3d-assets/avatar-components/hair
https://swiriko.gumroad.com/l/swhc-winterboldhair-1b,ypngy,Winterbold Hairstyle - Badbold - VRChat Avatar Hair Asset,Swiri Ko,https://swiriko.gumroad.com,9.99,False,False,,1,5.0,,,,3d/3d-assets/avatar-components/hair
https://tallguytycoon.gumroad.com/l/Pxkij,Pxkij,CNC Academy Membership (Monthly),Tallguytycoon,https://tallguytycoon.gumroad.com,0.00,True,False,,163,4.5,,6,258,education
https://tallguytycoon.gumroad.com/l/dnbhb,dnbhb,CNC CORE Membership (Yearly),Tallguytycoon,https://tallguytycoon.gumroad.com,1524.00,False,False,,6,5.0,,6,415,3d/3d-assets/3ds-max
https://tallguytycoon.gumroad.com/l/wdwifo,wdwifo,CNC Discord Membership (3 month),Tallguytycoon,https://tallguytycoon.gumroad.com,0.00,True,False,,10,4.8,,6,411,3d/3d-assets/3ds-max
https://teacakesdesigns.gumroad.com/l/MochiHeadFem,ojdss,Mochi Head Base Fem,Tea Cake,https://teacakesdesigns.gumroad.com,25.00,False,False,,0,0.0,,,,3d/3d-assets/avatar-components/bases
https://teamlo.gumroad.com/l/orotj,orotj,"✨ The HIM Career Starter Toolkit | 5+ Pages of Resume Templates, Externship Tips & Career Guides","Team Lo, LLC",https://teamlo.gumroad.com,39.00,False,False,,0,0.0,,,,3d/3d-assets/accessories/masks
https://tednaiman.gumroad.com/l/satietypercalorie,xnfuzl,Satiety Per Calorie,Ted Naiman,https://tednaiman.gumroad.com,29.00,False,False,,12,4.7,,2,471,fitness-and-health
https://tejujangid.gumroad.com/l/Thickimpastobrushes,gwrpi,Thick Impasto procreate brushes ,Teju Jangid,https://tejujangid.gumroad.com,19.00,False,True,713,10,5.0,71.30,3,11,drawing-and-painting
https://tekleed.gumroad.com/l/qgvvc,qgvvc,Roblox Ocean System,Tekleed,https://tekleed.gumroad.com,200.00,False,True,14,0,0.0,,,,3d/3d-assets
https://teracarissa.gumroad.com/l/sBSS,sBSS, Lifespirational Audio,Tera Carissa,https://teracarissa.gumroad.com,0.00,True,False,,60,4.9,,11,50,3d
https://theancientstore.gumroad.com/l/rtcfqc,rtcfqc,12 Sumerian Codes That Predict Exactly What Happens Next — And When,The Ancient Store,https://theancientstore.gumroad.com,9.99,False,False,,45,4.3,,8,29,3d/3d-assets/3ds-max
https://thearmoredgarage.gumroad.com/l/LMdGL,LMdGL,Armorsmith Designer,The Armored Garage,https://thearmoredgarage.gumroad.com,40.00,False,True,30405,543,4.4,55.99,,,3d/3d-assets/3ds-max
https://thecaveoflahmu.gumroad.com/l/crystaltemplechestpiece,mwczuh,Crystal Temple's Chestpiece [For Alber's Draconian],Lahmu The Beast,https://thecaveoflahmu.gumroad.com,17.00,False,False,,0,0.0,,,,3d/3d-assets/accessories
https://thecaveoflahmu.gumroad.com/l/tiamatsregalia,vqqkii,Tiamat's Regalia [For Alber's Draconian],Lahmu The Beast,https://thecaveoflahmu.gumroad.com,15.00,False,False,,2,4.0,,,,3d/3d-assets/accessories
https://theneurofactory.gumroad.com/l/bible,rwhaz,The Ancestral Kitchen Bible,The Neuro Factory,https://theneurofactory.gumroad.com,99.99,False,False,,19,4.8,,2,22,3d
https://thereallblizzy.gumroad.com/l/wtafn,wtafn,Cleansed & Covered,Blizzy,https://thereallblizzy.gumroad.com,40.00,False,False,,36,4.9,,,,3d
https://theworkshopwarrior.gumroad.com/l/interior_assets,ppuyg,Interior Assets Vol. 1,Forest Stook,https://theworkshopwarrior.gumroad.com,0.00,True,False,,4,5.0,,3,162,3d/3d-assets/blender
https://thezherkaofficial.gumroad.com/l/DateIQBasic,qybqg,🎯 Secret Society Basic Subscription,Zherka Entertainment Inc.,https://thezherkaofficial.gumroad.com,0.00,True,False,,165,4.8,,2,74,3d/3d-assets/3ds-max
https://thezherkaofficial.gumroad.com/l/PsychologyEdition,bhzbz,🧠 Secret Society Psychology Edition Subscription,Zherka Entertainment Inc.,https://thezherkaofficial.gumroad.com,0.00,True,False,,29,4.8,,2,210,3d
https://thine.gumroad.com/l/MuteMask,sbwxal,Mute Mask for Hyenid ,Thine,https://thine.gumroad.com,9.00,False,False,,8,5.0,,4,126,3d/3d-assets/accessories
https://thorn4.gumroad.com/l/dcwokt,dcwokt,Instinct Series: 1 Lenses (The Amazing Spider-Man),Instinct Store,https://thorn4.gumroad.com,5.00,False,True,8,0,0.0,,,,3d/3d-assets/accessories/wings
https://tiko479.gumroad.com/l/DiamondCrown,jpshl,Diamond Crown of Thorns,Tiko,https://tiko479.gumroad.com,6.99,False,False,,0,0.0,,19,38,3d/3d-assets/accessories/jewelry
https://tiko479.gumroad.com/l/horrormask,akllqu,Horror Mask,Tiko,https://tiko479.gumroad.com,0.99,False,False,,0,0.0,,19,38,3d/3d-assets/accessories/masks
https://tillwoofie.gumroad.com/l/TekJacket-MascCanine,yyqnd,TekJacket - Masc. Canine,Tillwoofie,https://tillwoofie.gumroad.com,15.00,False,True,225,12,5.0,18.75,,,3d/3d-assets/clothing/jackets
https://timeflies.gumroad.com/l/98mustangkit,rmrpg,98 Mustang Body Kit,xXTimeFliesXx,https://timeflies.gumroad.com,0.00,True,False,,0,0.0,,,,3d/3d-assets/accessories/wings
https://timmydcreator3d.gumroad.com/l/Tshirtonhanger,ctcaj,Tshirt Mock Up on Hanger (Mild Wind Movement),Ige Timilehin John,https://timmydcreator3d.gumroad.com,14.99,False,False,,0,0.0,,6,28,3d/3d-assets/clothing/bottoms
https://tinynocky.gumroad.com/l/tinyhairshader,yhyuou,Tiny Hair Shader,tinynocky,https://tinynocky.gumroad.com,0.00,True,True,19267,137,4.9,140.64,2,2502,3d/3d-assets/blender
https://toldbynick.gumroad.com/l/TheEverydayLUT,cvhce,The Everyday LUT,ToldbyNick,https://toldbynick.gumroad.com,14.99,False,False,,30,5.0,,6,30,3d/3d-assets/3ds-max
https://tomthewolff2.gumroad.com/l/TomsChibis,tzxtar,Toms Chibis [Vrchat Avatar],Tom,https://tomthewolff2.gumroad.com,30.00,False,True,4,0,0.0,,,,3d/3d-assets/avatar-components/bases
https://tovi3d.gumroad.com/l/vurzxv,vurzxv,Dark Spirit Mask – Original Detailed Edition,Tovi 3D,https://tovi3d.gumroad.com,7.00,False,False,,0,0.0,,,,3d/3d-assets/accessories/masks
https://tracingpizza.gumroad.com/l/kqvjv,kqvjv,Balaclava or Ski Mask for Hyenid,Trace,https://tracingpizza.gumroad.com,0.00,True,False,,5,5.0,,19,91,3d/3d-assets/accessories/masks
https://tradigital.gumroad.com/l/TradigitalistToolbag,enxsr,Tradigitalist Toolbag - All Access,Alan Wyatt,https://tradigital.gumroad.com,0.00,True,False,,3,5.0,,9,235,3d/3d-assets/blender
https://tradigital.gumroad.com/l/lpqoz,lpqoz,Blender Live Paint Filter v3.0,Alan Wyatt,https://tradigital.gumroad.com,20.00,False,True,1742,43,4.9,40.51,9,195,3d/3d-assets/blender
https://tradigital.gumroad.com/l/mefur,mefur,Painterly Tree & Flora Creator: ShapeScape Studio,Alan Wyatt,https://tradigital.gumroad.com,30.00,False,False,,8,5.0,,9,230,3d/3d-assets/blender
https://trashies.gumroad.com/l/BonerWings,hrwpxx,Bone Wings,Trashie,https://trashies.gumroad.com,8.00,False,False,,9,5.0,,4,68,3d/3d-assets/accessories/wings
https://trixel.gumroad.com/l/pcpie,pcpie,Caine (The Amazing Digital Circus) (Blender 5.0+),Trixel,https://trixel.gumroad.com,50.00,False,True,191,16,4.9,11.94,2,20,3d/3d-assets
https://trixxedheart.gumroad.com/l/CollarPack-1,dybbaz,Collar Pack (Fitted for Runa),Suit of Hearts,https://trixxedheart.gumroad.com,4.00,False,False,,2,5.0,,4,11,3d/3d-assets/accessories/chokers
https://tudorhg.gumroad.com/l/gindil,gindil,Audio Consultation (1 hour),The KTN Knowledge Vault,https://tudorhg.gumroad.com,150.00,False,False,,105,5.0,,275,3554,3d/3d-assets/3ds-max
https://twostraws.gumroad.com/l/hws-subscription,umnLH,Hacking with Swift+,Paul Hudson,https://twostraws.gumroad.com,0.00,True,False,,297,4.9,,31,3391,3d/3d-assets/3ds-max
https://tylerstump.gumroad.com/l/tncww,tncww,The Stump Grinding Playbook: How to Start and Build a 6 Figure Stump Grinding Business,Tyler Mumford,https://tylerstump.gumroad.com,359.00,False,True,459,7,5.0,65.57,,,business-and-money
https://tyrord.gumroad.com/l/mnien,mnien,"Apollo slaying Python, in Art Deco style (original)",Tyrord ☀,https://tyrord.gumroad.com,159.00,False,False,,0,0.0,,7,34,3d/3d-assets/accessories
https://tyrord.gumroad.com/l/olblx,olblx,Small Apollo medal,Tyrord ☀,https://tyrord.gumroad.com,120.00,False,False,,0,0.0,,7,34,3d/3d-assets/accessories
https://udinbv.gumroad.com/l/shaders,fzvbo,Udin Blender Shaders,UDIN,https://udinbv.gumroad.com,0.00,True,False,,90,5.0,,2,18,3d/3d-assets
https://umousoft.gumroad.com/l/umoupen,nryzg,Umoupen,Umousoft,https://umousoft.gumroad.com,20.00,False,False,,66,4.9,,,,3d/3d-assets/3ds-max
https://unesart.gumroad.com/l/sonicthehedgehogsecretlairclothing,ghhxl,Free Branding Clothes and Shoe Elements,unesart,https://unesart.gumroad.com,0.00,True,False,,0,0.0,,5,10,3d/3d-assets/clothing/bodysuits
https://valentivr.gumroad.com/l/BunnySupernovaCL,lykvw,Bunny Supernova - Commercial License,Valenti Doll,https://valentivr.gumroad.com,15.00,False,False,,5,4.8,,22,169,3d/3d-assets/clothing/bodysuits
https://valentivr.gumroad.com/l/Delta,ntnww,Delta Harness,Valenti Doll,https://valentivr.gumroad.com,4.00,False,False,,6,5.0,,22,168,3d/3d-assets/accessories/harnesses
https://valentivr.gumroad.com/l/Enchant,luamq,Enchanted Set,Valenti Doll,https://valentivr.gumroad.com,8.00,False,False,,20,5.0,,22,154,3d/3d-assets/clothing/bodysuits
https://valentivr.gumroad.com/l/FangBodysuit,sncpi,Fang Bodysuit - Commercial License ,Valenti Doll,https://valentivr.gumroad.com,6.00,False,False,,12,5.0,,22,162,3d/3d-assets/clothing/bodysuits
https://valentivr.gumroad.com/l/FangBodysuitGF,bcvgj,|| God Magician / Revenger DLC || Fang Bodysuit - Personal License,Valenti Doll,https://valentivr.gumroad.com,0.00,True,True,138,12,5.0,11.50,22,162,3d/3d-assets/clothing/bodysuits
https://valentivr.gumroad.com/l/FangBodysuitMuru,limka,Muru DLC || Fang Bodysuit - Personal License,Valenti Doll,https://valentivr.gumroad.com,8.00,False,True,78,9,5.0,8.67,22,165,3d/3d-assets/clothing/bodysuits
https://valentivr.gumroad.com/l/JerseyBodysuit,rcwgeng,Jersey Bodysuit,Valenti Doll,https://valentivr.gumroad.com,5.00,False,False,,0,0.0,,23,174,3d/3d-assets/clothing/bodysuits
https://valentivr.gumroad.com/l/StrappedBodysuitGM,pocgpi,God Magician DLC || Strapped Bodysuit - Personal License,Valenti Doll,https://valentivr.gumroad.com,0.00,True,True,57,8,5.0,7.12,22,166,3d/3d-assets/clothing/bodysuits
https://valuef.gumroad.com/l/vrchat-ground-shadow-ultra,faclgv,VRChat Ground Shadow Shader for Ultra 🎮,Value 🌿,https://valuef.gumroad.com,8.99,False,False,,19,5.0,,12,1120,3d
https://veggajon.gumroad.com/l/ausjqh,ausjqh,Getting Paid Where Buyers Are Already Searching and Deciding,Jon Vegga,https://veggajon.gumroad.com,39.00,False,False,,1,5.0,,,,3d/3d-assets/avatar-components/ears
https://veiledthorn.gumroad.com/l/vcfbu,vcfbu,Bow/Ribbon collar,veiled thorn blade,https://veiledthorn.gumroad.com,3.00,False,True,2,0,0.0,,,,3d/3d-assets/accessories/wings
https://veiledthorn.gumroad.com/l/wdipa,wdipa,ruby wings necklace,veiled thorn blade,https://veiledthorn.gumroad.com,5.00,False,False,,0,0.0,,,,3d/3d-assets/accessories/wings
https://vertexarcade.gumroad.com/l/adjustable-mannequin,fjziy,Adjustable Mannequin v1.3 - Blender 4.3+,Vertex Arcade,https://vertexarcade.gumroad.com,5.00,False,False,,130,4.7,,8,83,3d/3d-assets
https://vexclin.gumroad.com/l/boqlhr,boqlhr,Feathered & Bat Wings ,Vexclin,https://vexclin.gumroad.com,7.00,False,True,10,0,0.0,,,,3d/3d-assets/accessories/wings
https://victorfitfleet.gumroad.com/l/The21-DayHormoneResetForWomen,hkwkf,The 21-Day Hormone Reset for Women,Victor,https://victorfitfleet.gumroad.com,97.00,False,False,,7,5.0,,,,3d/3d-assets/3ds-max
https://violentpainter.gumroad.com/l/messy-bun-dreads,wiwbpk,Messy Bun Dreads -- Hairstyle for VRChat,Violentpainter,https://violentpainter.gumroad.com,7.00,False,False,,1,5.0,,46,1081,3d/3d-assets/avatar-components/hair
https://violentpainter.gumroad.com/l/naturaltwists,yvorx,Natural Twists - Hairstyle for VRChat,Violentpainter,https://violentpainter.gumroad.com,5.00,False,False,,4,5.0,,46,1078,3d/3d-assets/avatar-components/hair
https://virtualboywonder.gumroad.com/l/cosfu,cosfu,Big Cat VRChat Avatar Base (Beta),VirtualBoy,https://virtualboywonder.gumroad.com,10.00,False,False,,1,5.0,,,,3d/3d-assets/avatar-components/bases
https://vivix.gumroad.com/l/hvnvku,hvnvku,YAMATONE,ViViX,https://vivix.gumroad.com,9.99,False,False,,20,5.0,,24,194,3d/3d-assets/3ds-max
https://vixvr.gumroad.com/l/SERAPHIM-WINGS,rltbbl,"SERAPHIM WINGS [OPTIMIZED] for Angel, Bird, Avian, Furry VRChat Avatars",VIX,https://vixvr.gumroad.com,69.00,False,False,,0,0.0,,21,393,3d/3d-assets/accessories/wings
https://vixvr.gumroad.com/l/cyborg-fox-ears,pewzua,CYBORG AUDIOLINK FOX EARS - VRChat Furry Asset - CYBER ROBOT ANDROID,VIX,https://vixvr.gumroad.com,69.00,False,False,,3,5.0,,20,390,3d/3d-assets/avatar-components/ears
https://vixvr.gumroad.com/l/horse-set,bshxdh,LOW POLY HORSE PONY EARS AND TAIL SET for VRChat Avatars,VIX,https://vixvr.gumroad.com,69.00,False,False,,0,0.0,,21,393,3d/3d-assets/avatar-components/ears
https://vixvr.gumroad.com/l/spike-band,bzalb,FREE* LOW POLY SPIKE BAND COLLAR CHOKER BRACELETE (QUEST/PC),VIX,https://vixvr.gumroad.com,0.00,True,False,,37,3.9,,20,356,3d/3d-assets/accessories/chokers
https://vr-zab.gumroad.com/l/raccoon,xzsns,"Raccoon (VRChat 3D Model, VTuber Avatar)",vr_zab,https://vr-zab.gumroad.com,20.00,False,False,,1,5.0,,23,175,3d/3d-assets/avatar-components/bases
https://vrart1.gumroad.com/l/risa-base,bkbqtj,V--R's Risa Base,V--R,https://vrart1.gumroad.com,30.00,False,False,,0,0.0,,,,3d/3d-assets/avatar-components/bases
https://wackydemonfire.gumroad.com/l/tnsiqs,tnsiqs,Wacky's Moldable Ram Horns [VRChat/ NeosVR/ ChilloutVR/ 3D ASSET/ Prop/ Customization],Wacky Demon Fire,https://wackydemonfire.gumroad.com,9.00,False,False,,2,5.0,,,,3d/3d-assets/avatar-components/horns
https://warlux.gumroad.com/l/rmwfeq,rmwfeq,[FREE] Earrings,WarLux,https://warlux.gumroad.com,0.00,True,True,266,5,5.0,53.20,,,3d/3d-assets/avatar-components/ears
https://warrenwolfy.gumroad.com/l/atntv,atntv,Warren's Fast Fur Shader,Warren,https://warrenwolfy.gumroad.com,0.00,True,False,,690,4.9,,,,3d/3d-assets
https://wellimvel.gumroad.com/l/ADateOutfitForKitabyVel,cdkdj,♲ A Date Outfit For Kita ♲,♲ I`m Vel ♲,https://wellimvel.gumroad.com,10.00,False,True,7,0,0.0,,,,3d/3d-assets/clothing/dresses
https://wellimvel.gumroad.com/l/awarenessinadream_kitabevel,ncsyh,♲ Awareness in a dream ♲,♲ I`m Vel ♲,https://wellimvel.gumroad.com,15.00,False,True,12,0,0.0,,,,3d/3d-assets/clothing/dresses
https://wellimvel.gumroad.com/l/cutiekitasetbyvel,hotam,[Temporarily unavailable] ♲ Cutie Kita ♲,♲ I`m Vel ♲,https://wellimvel.gumroad.com,1500.00,False,True,7,1,1.0,7.00,,,3d/3d-assets/clothing/dresses
https://wellimvel.gumroad.com/l/dancekitforjerrybyvel,ynwqw,♲ Dance Kit ♲,♲ I`m Vel ♲,https://wellimvel.gumroad.com,15.00,False,True,25,0,0.0,,,,3d/3d-assets/clothing/dresses
https://wellimvel.gumroad.com/l/jerryssleepsuitbyvel,viusr,♲ Jerry's Sleep Suit ♲,♲ I`m Vel ♲,https://wellimvel.gumroad.com,15.00,False,True,2,0,0.0,,,,3d/3d-assets/clothing/dresses
https://wellimvel.gumroad.com/l/kitassleepsuitbyvel,uspxzh,♲ Kita's Sleep Suit ♲,♲ I`m Vel ♲,https://wellimvel.gumroad.com,15.00,False,True,4,0,0.0,,,,3d/3d-assets/clothing/dresses
https://wellimvel.gumroad.com/l/qipaodressforjerrybyvel,ooyfo,♲ Qipao Dress For Jerry ♲,♲ I`m Vel ♲,https://wellimvel.gumroad.com,15.00,False,True,5,0,0.0,,,,3d/3d-assets/clothing/dresses
https://wellimvel.gumroad.com/l/softlyoutfitforjerrybyvel,devnir,♲ Softly Outfit For Jerry ♲,♲ I`m Vel ♲,https://wellimvel.gumroad.com,15.00,False,True,4,1,5.0,4.00,,,3d/3d-assets/clothing/dresses
https://wellimvel.gumroad.com/l/softlyoutfitforkitabyvel,nljjwo,♲ Softly Outfit For Kita ♲,♲ I`m Vel ♲,https://wellimvel.gumroad.com,15.00,False,False,,0,0.0,,,,3d/3d-assets/clothing/dresses
https://wellimvel.gumroad.com/l/springclothesforjerrybyvel,auqxcu,♲ Spring Clothes For Jerry ♲,♲ I`m Vel ♲,https://wellimvel.gumroad.com,15.00,False,True,13,0,0.0,,,,3d/3d-assets/clothing/dresses
https://wellimvel.gumroad.com/l/springclothesforkitabyvel,kouduv,♲ Spring Clothes For Kita ♲,♲ I`m Vel ♲,https://wellimvel.gumroad.com,15.00,False,True,2,0,0.0,,,,3d/3d-assets/clothing/dresses
https://wellimvel.gumroad.com/l/virginsetforjerrybyvel,ijseqm,♲ Virgin Set For Jerry ♲,♲ I`m Vel ♲,https://wellimvel.gumroad.com,15.00,False,True,4,0,0.0,,,,3d/3d-assets/clothing/dresses
https://wetcat.gumroad.com/l/Lat_suit,gwjrb,*VENUS* Latex BodySuit + Collar + Gloves,WetCat,https://wetcat.gumroad.com,8.00,False,False,,31,5.0,,58,9378,3d/3d-assets/clothing/bodysuits
https://wetcat.gumroad.com/l/VenusHeadVR,fhvgd,PROJECT VENUS *HEAD///,WetCat,https://wetcat.gumroad.com,30.00,False,False,,17,5.0,,58,9392,3d/3d-assets/avatar-components/heads
https://whiskeredshadows.gumroad.com/l/HornPack,ldwsra,Horn Pack,WhiskeredShadows,https://whiskeredshadows.gumroad.com,0.00,True,False,,0,0.0,,12,29,3d/3d-assets/avatar-components/horns
https://whiskeredshadows.gumroad.com/l/taiwp,taiwp,Umbreon Set,WhiskeredShadows,https://whiskeredshadows.gumroad.com,999.00,False,False,,0,0.0,,12,29,3d/3d-assets/avatar-components/ears
https://wieselrobot.gumroad.com/l/protoweasel,zescq,ProtoWeasel,WieselRobot,https://wieselrobot.gumroad.com,25.00,False,False,,6,4.7,,3,41,3d/3d-assets/avatar-components/bases
https://winglessfly.gumroad.com/l/xoyde,xoyde,Low poly backpack model,Juraj Mucha,https://winglessfly.gumroad.com,0.00,True,False,,1,5.0,,,,3d/3d-assets/accessories/bags
https://wooddrone.gumroad.com/l/ravefit,unpcp,Rave.Fit (Alphazear Norspil Dergal Druffle Faelyn Fara Rex Fluffgan Kuda Bases Mayu Moonfang Nardoragon Novabeast Selumy Spiri'vali Sunclaw Viwi Vulper Waggan),Wood,https://wooddrone.gumroad.com,15.00,False,True,24,1,5.0,24.00,4,17,3d/3d-assets/clothing
https://wooddrone.gumroad.com/l/ultrafit,chshgd,Ultra.Fit (Alphazear Northern Aspil Dergal Faelyn Fara Fluffgan Kuda Moonfang Nardo Nova Spirivali Viwi Vulper Waggan),Wood,https://wooddrone.gumroad.com,15.00,False,True,151,1,5.0,151.00,4,17,3d/3d-assets
https://wordweaver1001.gumroad.com/l/MoodRing,pboeqt,Real Mood Ring - Read your mood with your brain waves!,Weaver's Avatar Creations,https://wordweaver1001.gumroad.com,5.00,False,False,,1,5.0,,4,11,3d/3d-assets/accessories/jewelry
https://worldvr.gumroad.com/l/RolyWatch,fmrnw,Roly Watch,World_vr,https://worldvr.gumroad.com,5.00,False,True,58,7,5.0,8.29,14,76,3d/3d-assets/accessories/jewelry
https://xeofrios.gumroad.com/l/squish,qofhq,Squish- Instant Better Rig Deforms / Blender 3.1+ ,Xeofrios,https://xeofrios.gumroad.com,5.00,False,False,,102,4.9,,7,498,3d/3d-assets/blender
https://xlevix.gumroad.com/l/ajkeej,ajkeej,Trash collar,Trash pup,https://xlevix.gumroad.com,10.00,False,True,210,10,5.0,21.00,6,25,3d/3d-assets/avatar-components/tails
https://xlevix.gumroad.com/l/mnqwzv,mnqwzv,Trash maw and paws for Rexouium,Trash pup,https://xlevix.gumroad.com,12.00,False,False,,8,4.3,,6,27,3d/3d-assets/accessories
https://yansculpts.gumroad.com/l/mastersculptingheads,zdeof,Master Sculpting Heads - 3D Blender Course - New Update! (V1.5),YanSculpts,https://yansculpts.gumroad.com,39.00,False,False,,93,5.0,,25,847,3d/3d-assets/blender
https://yisto.gumroad.com/l/Aero,eofzjw,Y2K NOVA,yisto,https://yisto.gumroad.com,16.00,False,False,,2,5.0,,43,519,3d/3d-assets/clothing
https://yisto.gumroad.com/l/Float,twreqr,Lifeguard Floaty Bracelet,yisto,https://yisto.gumroad.com,3.00,False,False,,1,5.0,,43,520,3d/3d-assets/accessories/jewelry
https://yisto.gumroad.com/l/Spikes,rpkff,Shackles & Chains 2.0,yisto,https://yisto.gumroad.com,5.00,False,False,,0,0.0,,44,521,3d/3d-assets/accessories
https://yisto.gumroad.com/l/owfqc,owfqc,Rex Ivy,yisto,https://yisto.gumroad.com,4.00,False,False,,6,4.5,,43,515,3d/3d-assets/accessories/harnesses
https://yonatanbary.gumroad.com/l/blendiniexporter,clzno,Blendini: Export Any Geometry from Houdini to Blender,Yonatan,https://yonatanbary.gumroad.com,49.00,False,True,202,7,5.0,28.86,,,3d/3d-assets
https://yukina.gumroad.com/l/xnspyk,xnspyk,Cross Chrome Rings,Yukina,https://yukina.gumroad.com,7.00,False,False,,0,0.0,,107,3174,3d/3d-assets/accessories/jewelry
https://yumfood.gumroad.com/l/jo_crystal_necklace,oxnni,JO Crystal Necklace,yum,https://yumfood.gumroad.com,2.00,False,False,,5,5.0,,8,32,3d/3d-assets/accessories/jewelry
https://zeachy.gumroad.com/l/CyWear,npivsf,CyWear (Pupper / Mayu / NovaBeast / Lumistera / Goobastera / Fluffgan),Zeachy,https://zeachy.gumroad.com,24.99,False,False,,0,0.0,,17,111,3d/3d-assets/clothing
https://zekk.gumroad.com/l/AuroraHalo,eqlcg,Aurora Shader Halo (VRChat),Zekk,https://zekk.gumroad.com,7.99,False,True,68,4,5.0,17.00,18,663,3d/3d-assets/accessories
https://zekk.gumroad.com/l/audiohalo,jhjlja,Audio Halo (VRChat),Zekk,https://zekk.gumroad.com,5.00,False,True,323,20,5.0,16.15,18,647,3d/3d-assets/accessories
https://zeromaniac.gumroad.com/l/jpwcxr,jpwcxr,KitFox Fitted Simple Collar,Zero,https://zeromaniac.gumroad.com,0.00,True,True,447,14,4.9,31.93,,,3d/3d-assets/accessories/chokers
https://zgvlab.gumroad.com/l/fyuzw,fyuzw,Loewe Ola-Bags ,ZGV | LAB,https://zgvlab.gumroad.com,15.00,False,False,,0,0.0,,,,3d/3d-assets/accessories/bags
https://zgvlab.gumroad.com/l/vmbkq,vmbkq,BIRK 55 HAC 5 ver. & Miu Miutine,ZGV | LAB,https://zgvlab.gumroad.com,18.97,False,False,,0,0.0,,,,3d/3d-assets/accessories/bags
https://ziodynes098.gumroad.com/l/ShortHair2,yxajcj,Short Hairstyle 2 for Zio's Free Avatars,ziodynes098,https://ziodynes098.gumroad.com,7.00,False,True,16,0,0.0,,18,247,3d/3d-assets/avatar-components/hair
https://zyguy.gumroad.com/l/gjesf,gjesf,Arko Shark Mask,ZyGuy,https://zyguy.gumroad.com,5.00,False,False,,0,0.0,,,,3d/3d-assets/accessories/masks
https://zyonvr.gumroad.com/l/CyberEars,thwes,Cyber Ears,Zyon,https://zyonvr.gumroad.com,5.00,False,False,,0,0.0,,20,109,3d/3d-assets/avatar-components/ears
https://zyonvr.gumroad.com/l/FoxEars,msjlu,Fox Ears,Zyon,https://zyonvr.gumroad.com,10.00,False,False,,1,5.0,,19,108,3d/3d-assets/avatar-components/ears
https://zyonvr.gumroad.com/l/FoxTail,sikuf,Fox Tail,Zyon,https://zyonvr.gumroad.com,10.00,False,True,11,1,5.0,11.00,19,108,3d/3d-assets/avatar-components/tails
